,grammar,seed,gamma,living_metric
0,organic,0,1,0.012106537530266344
1,organic,0,2,0.03450363196125908
2,organic,0,3,0.05811138014527845
3,organic,0,4,0.07929782082324455
4,organic,0,5,0.09564164648910412
5,organic,0,6,0.11138014527845036
6,organic,0,7,0.12530266343825666
7,organic,0,8,0.14225181598062955
8,organic,0,9,0.1579903147699758
9,organic,0,10,0.17070217917675545
10,organic,0,11,0.1834140435835351
11,organic,0,12,0.19430992736077482
12,organic,0,13,0.20641646489104115
13,organic,0,14,0.22276029055690072
14,organic,0,15,0.23668280871670702
15,organic,0,16,0.2457627118644068
16,organic,0,17,0.2572639225181598
17,organic,0,18,0.2651331719128329
18,organic,0,19,0.2736077481840194
19,organic,0,20,0.2851089588377724
20,organic,0,21,0.2966101694915254
21,organic,0,22,0.3062953995157385
22,organic,0,23,0.3141646489104116
23,organic,0,24,0.32263922518159804
24,organic,0,25,0.33171912832929784
25,organic,0,26,0.34019370460048426
26,organic,0,27,0.3486682808716707
27,organic,0,28,0.35714285714285715
28,organic,0,29,0.3668280871670702
29,line,0,1,0.005259697567389875
30,line,0,2,0.015779092702169626
31,line,0,3,0.02564102564102564
32,line,0,4,0.03418803418803419
33,line,0,5,0.042077580539119
34,line,0,6,0.04930966469428008
35,line,0,7,0.055226824457593686
36,line,0,8,0.0611439842209073
37,line,0,9,0.06837606837606838
38,line,0,10,0.07560815253122946
39,line,0,11,0.084155161078238
40,line,0,12,0.09072978303747535
41,line,0,13,0.09796186719263643
42,line,0,14,0.10585141354372124
43,line,0,15,0.11308349769888232
44,line,0,16,0.12097304404996713
45,line,0,17,0.1301775147928994
46,line,0,18,0.13740959894806049
47,line,0,19,0.14398422090729784
48,line,0,20,0.1531886916502301
49,line,0,21,0.15976331360946747
50,line,0,22,0.16896778435239973
51,line,0,23,0.18080210387902695
52,line,0,24,0.18869165023011178
53,line,0,25,0.19592373438527286
54,line,0,26,0.2044707429322814
55,line,0,27,0.21170282708744248
56,line,0,28,0.2176199868507561
57,line,0,29,0.22287968441814596
58,hex,0,1,0.007698229407236336
59,hex,0,2,0.022324865280985373
60,hex,0,3,0.03926096997690531
61,hex,0,4,0.059276366435719784
62,hex,0,5,0.0731331793687452
63,hex,0,6,0.08314087759815242
64,hex,0,7,0.0939183987682833
65,hex,0,8,0.100846805234796
66,hex,0,9,0.10469591993841416
67,hex,0,10,0.1147036181678214
68,hex,0,11,0.12779060816012316
69,hex,0,12,0.13933795227097767
70,hex,0,13,0.14857582755966128
71,hex,0,14,0.1578137028483449
72,hex,0,15,0.16782140107775212
73,hex,0,16,0.17936874518860663
74,hex,0,17,0.18937644341801385
75,hex,0,18,0.19861431870669746
76,hex,0,19,0.20939183987682833
77,hex,0,20,0.21939953810623555
78,hex,0,21,0.22786759045419552
79,hex,0,22,0.24018475750577367
80,hex,0,23,0.25327174749807546
81,hex,0,24,0.2602001539645881
82,hex,0,25,0.2686682063125481
83,hex,0,26,0.2779060816012317
84,hex,0,27,0.2848344880677444
85,hex,0,28,0.29715165511932257
86,hex,0,29,0.3125481139337952
87,grid,0,1,0.0045691906005221935
88,grid,0,2,0.012402088772845953
89,grid,0,3,0.018276762402088774
90,grid,0,4,0.022845953002610966
91,grid,0,5,0.03198433420365535
92,grid,0,6,0.04046997389033943
93,grid,0,7,0.047650130548302874
94,grid,0,8,0.05613577023498695
95,grid,0,9,0.06462140992167102
96,grid,0,10,0.07245430809399478
97,grid,0,11,0.07767624020887728
98,grid,0,12,0.08420365535248042
99,grid,0,13,0.09203655352480418
100,grid,0,14,0.097911227154047
101,grid,0,15,0.10378590078328982
102,grid,0,16,0.11096605744125326
103,grid,0,17,0.1181462140992167
104,grid,0,18,0.12663185378590078
105,grid,0,19,0.1325065274151436
106,grid,0,20,0.141644908616188
107,grid,0,21,0.152088772845953
108,grid,0,22,0.15992167101827676
109,grid,0,23,0.1664490861618799
110,grid,0,24,0.17493472584856398
111,grid,0,25,0.18276762402088773
112,grid,0,26,0.18929503916449086
113,grid,0,27,0.19386422976501305
114,grid,0,28,0.20234986945169714
115,grid,0,29,0.21409921671018275
116,organic,1,1,0.01548165137614679
117,organic,1,2,0.04243119266055046
118,organic,1,3,0.06651376146788991
119,organic,1,4,0.08887614678899082
120,organic,1,5,0.1095183486238532
121,organic,1,6,0.12442660550458716
122,organic,1,7,0.13589449541284404
123,organic,1,8,0.14678899082568808
124,organic,1,9,0.15940366972477063
125,organic,1,10,0.17373853211009174
126,organic,1,11,0.18463302752293578
127,organic,1,12,0.1915137614678899
128,organic,1,13,0.20126146788990826
129,organic,1,14,0.21272935779816513
130,organic,1,15,0.22190366972477063
131,organic,1,16,0.23337155963302753
132,organic,1,17,0.2459862385321101
133,organic,1,18,0.25344036697247707
134,organic,1,19,0.2631880733944954
135,organic,1,20,0.2763761467889908
136,organic,1,21,0.2889908256880734
137,organic,1,22,0.2981651376146789
138,organic,1,23,0.30561926605504586
139,organic,1,24,0.3125
140,organic,1,25,0.3205275229357798
141,organic,1,26,0.3268348623853211
142,organic,1,27,0.3331422018348624
143,organic,1,28,0.3400229357798165
144,organic,1,29,0.34575688073394495
145,line,1,1,0.007352941176470588
146,line,1,2,0.019385026737967916
147,line,1,3,0.02807486631016043
148,line,1,4,0.032754010695187165
149,line,1,5,0.03676470588235294
150,line,1,6,0.04144385026737968
151,line,1,7,0.046122994652406414
152,line,1,8,0.053475935828877004
153,line,1,9,0.06149732620320856
154,line,1,10,0.06684491978609626
155,line,1,11,0.07152406417112299
156,line,1,12,0.08155080213903744
157,line,1,13,0.09224598930481283
158,line,1,14,0.09759358288770054
159,line,1,15,0.10494652406417113
160,line,1,16,0.11296791443850267
161,line,1,17,0.1196524064171123
162,line,1,18,0.1270053475935829
163,line,1,19,0.13435828877005349
164,line,1,20,0.142379679144385
165,line,1,21,0.1497326203208556
166,line,1,22,0.15508021390374332
167,line,1,23,0.16243315508021391
168,line,1,24,0.1697860962566845
169,line,1,25,0.17446524064171123
170,line,1,26,0.1804812834224599
171,line,1,27,0.18516042780748662
172,line,1,28,0.19385026737967914
173,line,1,29,0.2052139037433155
174,hex,1,1,0.00834597875569044
175,hex,1,2,0.03110773899848255
176,hex,1,3,0.05386949924127466
177,hex,1,4,0.06676783004552352
178,hex,1,5,0.08118361153262518
179,hex,1,6,0.09559939301972686
180,hex,1,7,0.10773899848254932
181,hex,1,8,0.12063732928679818
182,hex,1,9,0.13277693474962063
183,hex,1,10,0.1418816388467375
184,hex,1,11,0.14871016691957512
185,hex,1,12,0.15705614567526555
186,hex,1,13,0.16843702579666162
187,hex,1,14,0.17830045523520485
188,hex,1,15,0.18437025796661607
189,hex,1,16,0.19271623672230653
190,hex,1,17,0.20257966616084977
191,hex,1,18,0.2078907435508346
192,hex,1,19,0.21471927162367224
193,hex,1,20,0.22458270106221548
194,hex,1,21,0.2336874051593323
195,hex,1,22,0.24127465857359637
196,hex,1,23,0.251896813353566
197,hex,1,24,0.2701062215477997
198,hex,1,25,0.2860394537177542
199,hex,1,26,0.2966616084977238
200,hex,1,27,0.30424886191198786
201,hex,1,28,0.3103186646433991
202,hex,1,29,0.3156297420333839
203,grid,1,1,0.0033156498673740055
204,grid,1,2,0.009283819628647215
205,grid,1,3,0.016578249336870028
206,grid,1,4,0.02453580901856764
207,grid,1,5,0.03183023872679045
208,grid,1,6,0.04111405835543767
209,grid,1,7,0.05106100795755968
210,grid,1,8,0.058355437665782495
211,grid,1,9,0.0649867374005305
212,grid,1,10,0.07228116710875332
213,grid,1,11,0.08355437665782493
214,grid,1,12,0.09748010610079576
215,grid,1,13,0.10809018567639257
216,grid,1,14,0.11472148541114058
217,grid,1,15,0.1246684350132626
218,grid,1,16,0.13527851458885942
219,grid,1,17,0.14389920424403183
220,grid,1,18,0.15053050397877984
221,grid,1,19,0.16047745358090185
222,grid,1,20,0.17175066312997347
223,grid,1,21,0.18037135278514588
224,grid,1,22,0.1909814323607427
225,grid,1,23,0.20225464190981432
226,grid,1,24,0.20954907161803712
227,grid,1,25,0.21618037135278514
228,grid,1,26,0.22148541114058357
229,grid,1,27,0.22612732095490717
230,grid,1,28,0.23143236074270557
231,grid,1,29,0.23607427055702918
232,organic,2,1,0.01023308698123934
233,organic,2,2,0.028993746446844798
234,organic,2,3,0.04548038658328596
235,organic,2,4,0.06424104604889141
236,organic,2,5,0.0869812393405344
237,organic,2,6,0.10801591813530415
238,organic,2,7,0.12279704377487209
239,organic,2,8,0.1358726549175668
240,organic,2,9,0.144968732234224
241,organic,2,10,0.15406480955088117
242,organic,2,11,0.16600341102899374
243,organic,2,12,0.17851051733939738
244,organic,2,13,0.18988061398521888
245,organic,2,14,0.2029562251279136
246,organic,2,15,0.21546333143831722
247,organic,2,16,0.22342239909039227
248,organic,2,17,0.23251847640704945
249,organic,2,18,0.24218305855599773
250,organic,2,19,0.2546901648664014
251,organic,2,20,0.2689027856736782
252,organic,2,21,0.27799886299033544
253,organic,2,22,0.28823194997157475
254,organic,2,23,0.29903354178510516
255,organic,2,24,0.30869812393405344
256,organic,2,25,0.3172256964184196
257,organic,2,26,0.3251847640704946
258,organic,2,27,0.33939738487777144
259,organic,2,28,0.35304150085275726
260,organic,2,29,0.36441159749857877
261,line,2,1,0.004342431761786601
262,line,2,2,0.013027295285359801
263,line,2,3,0.024193548387096774
264,line,2,4,0.03287841191066997
265,line,2,5,0.043424317617866005
266,line,2,6,0.05397022332506204
267,line,2,7,0.062034739454094295
268,line,2,8,0.0707196029776675
269,line,2,9,0.07692307692307693
270,line,2,10,0.08684863523573201
271,line,2,11,0.09863523573200993
272,line,2,12,0.10794044665012408
273,line,2,13,0.1184863523573201
274,line,2,14,0.1271712158808933
275,line,2,15,0.13399503722084366
276,line,2,16,0.1433002481389578
277,line,2,17,0.15508684863523572
278,line,2,18,0.16563275434243177
279,line,2,19,0.17307692307692307
280,line,2,20,0.18114143920595532
281,line,2,21,0.19044665012406947
282,line,2,22,0.19913151364764267
283,line,2,23,0.206575682382134
284,line,2,24,0.2140198511166253
285,line,2,25,0.22146401985111663
286,line,2,26,0.22952853598014888
287,line,2,27,0.23511166253101737
288,line,2,28,0.24069478908188585
289,line,2,29,0.2487593052109181
290,hex,2,1,0.00749063670411985
291,hex,2,2,0.021722846441947566
292,hex,2,3,0.03670411985018727
293,hex,2,4,0.05318352059925094
294,hex,2,5,0.06816479400749063
295,hex,2,6,0.0749063670411985
296,hex,2,7,0.08089887640449438
297,hex,2,8,0.0898876404494382
298,hex,2,9,0.09737827715355805
299,hex,2,10,0.10486891385767791
300,hex,2,11,0.11235955056179775
301,hex,2,12,0.12434456928838951
302,hex,2,13,0.13782771535580524
303,hex,2,14,0.1453183520599251
304,hex,2,15,0.1543071161048689
305,hex,2,16,0.1647940074906367
306,hex,2,17,0.1760299625468165
307,hex,2,18,0.18801498127340824
308,hex,2,19,0.2
309,hex,2,20,0.21273408239700375
310,hex,2,21,0.22247191011235956
311,hex,2,22,0.23071161048689137
312,hex,2,23,0.2389513108614232
313,hex,2,24,0.24868913857677902
314,hex,2,25,0.2606741573033708
315,hex,2,26,0.2711610486891386
316,hex,2,27,0.27640449438202247
317,hex,2,28,0.28239700374531834
318,hex,2,29,0.2943820224719101
319,grid,2,1,0.005761843790012804
320,grid,2,2,0.0147247119078105
321,grid,2,3,0.02240717029449424
322,grid,2,4,0.029449423815621
323,grid,2,5,0.03713188220230474
324,grid,2,6,0.04481434058898848
325,grid,2,7,0.05313700384122919
326,grid,2,8,0.06402048655569782
327,grid,2,9,0.07554417413572344
328,grid,2,10,0.08706786171574904
329,grid,2,11,0.0941101152368758
330,grid,2,12,0.0973111395646607
331,grid,2,13,0.10307298335467349
332,grid,2,14,0.10947503201024328
333,grid,2,15,0.11907810499359796
334,grid,2,16,0.12804097311139565
335,grid,2,17,0.13444302176696543
336,grid,2,18,0.14148527528809218
337,grid,2,19,0.15044814340588988
338,grid,2,20,0.1613316261203585
339,grid,2,21,0.1709346991037132
340,grid,2,22,0.18117797695262483
341,grid,2,23,0.19078104993597952
342,grid,2,24,0.19590268886043533
343,grid,2,25,0.1997439180537772
344,grid,2,26,0.20678617157490398
345,grid,2,27,0.21638924455825864
346,grid,2,28,0.2259923175416133
347,grid,2,29,0.23111395646606914
348,organic,3,1,0.016908212560386472
349,organic,3,2,0.04770531400966183
350,organic,3,3,0.07548309178743962
351,organic,3,4,0.10386473429951691
352,organic,3,5,0.12560386473429952
353,organic,3,6,0.13828502415458938
354,organic,3,7,0.15096618357487923
355,organic,3,8,0.16545893719806765
356,organic,3,9,0.1793478260869565
357,organic,3,10,0.19142512077294685
358,organic,3,11,0.20591787439613526
359,organic,3,12,0.21859903381642512
360,organic,3,13,0.22403381642512077
361,organic,3,14,0.22946859903381642
362,organic,3,15,0.23792270531400966
363,organic,3,16,0.2457729468599034
364,organic,3,17,0.2524154589371981
365,organic,3,18,0.25905797101449274
366,organic,3,19,0.2669082125603865
367,organic,3,20,0.2783816425120773
368,organic,3,21,0.28683574879227053
369,organic,3,22,0.2940821256038647
370,organic,3,23,0.3061594202898551
371,organic,3,24,0.3176328502415459
372,organic,3,25,0.33152173913043476
373,organic,3,26,0.34480676328502413
374,organic,3,27,0.3556763285024155
375,organic,3,28,0.3641304347826087
376,organic,3,29,0.3719806763285024
377,line,3,1,0.005504587155963303
378,line,3,2,0.01712538226299694
379,line,3,3,0.02691131498470948
380,line,3,4,0.03730886850152905
381,line,3,5,0.04892966360856269
382,line,3,6,0.05688073394495413
383,line,3,7,0.06666666666666667
384,line,3,8,0.0764525993883792
385,line,3,9,0.0856269113149847
386,line,3,10,0.09357798165137615
387,line,3,11,0.10091743119266056
388,line,3,12,0.10825688073394496
389,line,3,13,0.11681957186544342
390,line,3,14,0.12721712538226299
391,line,3,15,0.13761467889908258
392,line,3,16,0.14801223241590214
393,line,3,17,0.1584097859327217
394,line,3,18,0.1651376146788991
395,line,3,19,0.1724770642201835
396,line,3,20,0.18042813455657492
397,line,3,21,0.18776758409785932
398,line,3,22,0.1963302752293578
399,line,3,23,0.20550458715596331
400,line,3,24,0.21651376146788992
401,line,3,25,0.22752293577981653
402,line,3,26,0.23730886850152905
403,line,3,27,0.24587155963302754
404,line,3,28,0.25443425076452597
405,line,3,29,0.26299694189602446
406,hex,3,1,0.008365019011406844
407,hex,3,2,0.02585551330798479
408,hex,3,3,0.04258555133079848
409,hex,3,4,0.0623574144486692
410,hex,3,5,0.08212927756653993
411,hex,3,6,0.0935361216730038
412,hex,3,7,0.10266159695817491
413,hex,3,8,0.11406844106463879
414,hex,3,9,0.1269961977186312
415,hex,3,10,0.1338403041825095
416,hex,3,11,0.1391634980988593
417,hex,3,12,0.14980988593155894
418,hex,3,13,0.1596958174904943
419,hex,3,14,0.16806083650190115
420,hex,3,15,0.17566539923954372
421,hex,3,16,0.18555133079847907
422,hex,3,17,0.1961977186311787
423,hex,3,18,0.20684410646387832
424,hex,3,19,0.22053231939163498
425,hex,3,20,0.2349809885931559
426,hex,3,21,0.24866920152091254
427,hex,3,22,0.2585551330798479
428,hex,3,23,0.267680608365019
429,hex,3,24,0.2813688212927757
430,hex,3,25,0.2935361216730038
431,hex,3,26,0.2996197718631179
432,hex,3,27,0.30342205323193916
433,hex,3,28,0.311787072243346
434,hex,3,29,0.3209125475285171
435,grid,3,1,0.00727994705493051
436,grid,3,2,0.01985440105890139
437,grid,3,3,0.03242885506287227
438,grid,3,4,0.042356055592322965
439,grid,3,5,0.04963600264725347
440,grid,3,6,0.05625413633355394
441,grid,3,7,0.06353408338848444
442,grid,3,8,0.07081403044341496
443,grid,3,9,0.07875579086697551
444,grid,3,10,0.08735936465916612
445,grid,3,11,0.0986101919258769
446,grid,3,12,0.10919920582395765
447,grid,3,13,0.11647915287888816
448,grid,3,14,0.1257445400397088
449,grid,3,15,0.13368630046326935
450,grid,3,16,0.14096624751819986
451,grid,3,17,0.14824619457313037
452,grid,3,18,0.15486432825943083
453,grid,3,19,0.1628060886829914
454,grid,3,20,0.17207147584381205
455,grid,3,21,0.1800132362673726
456,grid,3,22,0.1899404367968233
457,grid,3,23,0.20185307743216413
458,grid,3,24,0.21178027796161483
459,grid,3,25,0.21906022501654535
460,grid,3,26,0.2256783587028458
461,grid,3,27,0.23560555923229648
462,grid,3,28,0.24553275976174718
463,grid,3,29,0.25347452018530775
464,organic,4,1,0.013505908835115363
465,organic,4,2,0.038829487900956666
466,organic,4,3,0.05965109735509285
467,organic,4,4,0.07934721440630275
468,organic,4,5,0.09848058525604952
469,organic,4,6,0.11480022509848059
470,organic,4,7,0.12999437253798538
471,organic,4,8,0.14181204276871132
472,organic,4,9,0.15419245920090038
473,organic,4,10,0.16432189082723692
474,organic,4,11,0.172763083849184
475,organic,4,12,0.18176702307259426
476,organic,4,13,0.18851997749015195
477,organic,4,14,0.19471018570624649
478,organic,4,15,0.20427687113111986
479,organic,4,16,0.21384355655599324
480,organic,4,17,0.22622397298818234
481,organic,4,18,0.23916713562183456
482,organic,4,19,0.2509848058525605
483,organic,4,20,0.2594259988745076
484,organic,4,21,0.265053460889139
485,organic,4,22,0.2751828925154755
486,organic,4,23,0.2886888013505909
487,organic,4,24,0.30106921778277995
488,organic,4,25,0.30782217220033764
489,organic,4,26,0.3128868880135059
490,organic,4,27,0.31907709622960045
491,organic,4,28,0.32639279684862127
492,organic,4,29,0.33314575126617896
493,line,4,1,0.0032552083333333335
494,line,4,2,0.01171875
495,line,4,3,0.021484375
496,line,4,4,0.027994791666666668
497,line,4,5,0.033854166666666664
498,line,4,6,0.041015625
499,line,4,7,0.046223958333333336
500,line,4,8,0.051432291666666664
501,line,4,9,0.055338541666666664
502,line,4,10,0.06380208333333333
503,line,4,11,0.076171875
504,line,4,12,0.08333333333333333
505,line,4,13,0.08919270833333333
506,line,4,14,0.09830729166666667
507,line,4,15,0.10807291666666667
508,line,4,16,0.11458333333333333
509,line,4,17,0.11979166666666667
510,line,4,18,0.12760416666666666
511,line,4,19,0.13671875
512,line,4,20,0.14453125
513,line,4,21,0.15234375
514,line,4,22,0.16080729166666666
515,line,4,23,0.16731770833333334
516,line,4,24,0.17317708333333334
517,line,4,25,0.181640625
518,line,4,26,0.19140625
519,line,4,27,0.203125
520,line,4,28,0.21354166666666666
521,line,4,29,0.21940104166666666
522,hex,4,1,0.006923076923076923
523,hex,4,2,0.021538461538461538
524,hex,4,3,0.038461538461538464
525,hex,4,4,0.05384615384615385
526,hex,4,5,0.06846153846153846
527,hex,4,6,0.0823076923076923
528,hex,4,7,0.09153846153846154
529,hex,4,8,0.10153846153846154
530,hex,4,9,0.11384615384615385
531,hex,4,10,0.12461538461538461
532,hex,4,11,0.13230769230769232
533,hex,4,12,0.1423076923076923
534,hex,4,13,0.15692307692307692
535,hex,4,14,0.17076923076923076
536,hex,4,15,0.18
537,hex,4,16,0.18615384615384614
538,hex,4,17,0.19153846153846155
539,hex,4,18,0.19615384615384615
540,hex,4,19,0.20153846153846153
541,hex,4,20,0.20846153846153845
542,hex,4,21,0.2230769230769231
543,hex,4,22,0.23846153846153847
544,hex,4,23,0.24769230769230768
545,hex,4,24,0.2561538461538462
546,hex,4,25,0.26692307692307693
547,hex,4,26,0.2784615384615385
548,hex,4,27,0.28846153846153844
549,hex,4,28,0.3007692307692308
550,hex,4,29,0.3130769230769231
551,grid,4,1,0.0013297872340425532
552,grid,4,2,0.007313829787234043
553,grid,4,3,0.018617021276595744
554,grid,4,4,0.02992021276595745
555,grid,4,5,0.04055851063829787
556,grid,4,6,0.05053191489361702
557,grid,4,7,0.057180851063829786
558,grid,4,8,0.06715425531914894
559,grid,4,9,0.0797872340425532
560,grid,4,10,0.08976063829787234
561,grid,4,11,0.09640957446808511
562,grid,4,12,0.1023936170212766
563,grid,4,13,0.11037234042553191
564,grid,4,14,0.12034574468085106
565,grid,4,15,0.1276595744680851
566,grid,4,16,0.13364361702127658
567,grid,4,17,0.14162234042553193
568,grid,4,18,0.14893617021276595
569,grid,4,19,0.15691489361702127
570,grid,4,20,0.16489361702127658
571,grid,4,21,0.17154255319148937
572,grid,4,22,0.18018617021276595
573,grid,4,23,0.18949468085106383
574,grid,4,24,0.19614361702127658
575,grid,4,25,0.20212765957446807
576,grid,4,26,0.20877659574468085
577,grid,4,27,0.21675531914893617
578,grid,4,28,0.22805851063829788
579,grid,4,29,0.23670212765957446
580,organic,5,1,0.01293103448275862
581,organic,5,2,0.034482758620689655
582,organic,5,3,0.05172413793103448
583,organic,5,4,0.06958128078817734
584,organic,5,5,0.08435960591133004
585,organic,5,6,0.09544334975369458
586,organic,5,7,0.10775862068965517
587,organic,5,8,0.12253694581280788
588,organic,5,9,0.13793103448275862
589,organic,5,10,0.14963054187192118
590,organic,5,11,0.15763546798029557
591,organic,5,12,0.16687192118226601
592,organic,5,13,0.1810344827586207
593,organic,5,14,0.1915024630541872
594,organic,5,15,0.19766009852216748
595,organic,5,16,0.20751231527093597
596,organic,5,17,0.21736453201970443
597,organic,5,18,0.22598522167487683
598,organic,5,19,0.23645320197044334
599,organic,5,20,0.24630541871921183
600,organic,5,21,0.2567733990147783
601,organic,5,22,0.2684729064039409
602,organic,5,23,0.27401477832512317
603,organic,5,24,0.2801724137931034
604,organic,5,25,0.28633004926108374
605,organic,5,26,0.29433497536945813
606,organic,5,27,0.30110837438423643
607,organic,5,28,0.3066502463054187
608,organic,5,29,0.31403940886699505
609,line,5,1,0.006523157208088715
610,line,5,2,0.016307893020221786
611,line,5,3,0.02674494455316373
612,line,5,4,0.03587736464448793
613,line,5,5,0.0410958904109589
614,line,5,6,0.04827136333985649
615,line,5,7,0.056099151989562945
616,line,5,8,0.06457925636007827
617,line,5,9,0.07371167645140247
618,line,5,10,0.08153946510110893
619,line,5,11,0.08936725375081539
620,line,5,12,0.10306588388780169
621,line,5,13,0.11545988258317025
622,line,5,14,0.12067840834964122
623,line,5,15,0.12654924983692106
624,line,5,16,0.1350293542074364
625,line,5,17,0.1441617742987606
626,line,5,18,0.15003261578604044
627,line,5,19,0.15720808871493802
628,line,5,20,0.16503587736464448
629,line,5,21,0.17090671885192432
630,line,5,22,0.17677756033920417
631,line,5,23,0.182648401826484
632,line,5,24,0.1872146118721461
633,line,5,25,0.19047619047619047
634,line,5,26,0.19504240052185257
635,line,5,27,0.19960861056751467
636,line,5,28,0.20287018917155902
637,line,5,29,0.2100456621004566
638,hex,5,1,0.007662835249042145
639,hex,5,2,0.022222222222222223
640,hex,5,3,0.037547892720306515
641,hex,5,4,0.052873563218390804
642,hex,5,5,0.0681992337164751
643,hex,5,6,0.0842911877394636
644,hex,5,7,0.09961685823754789
645,hex,5,8,0.10881226053639846
646,hex,5,9,0.11800766283524904
647,hex,5,10,0.12873563218390804
648,hex,5,11,0.13793103448275862
649,hex,5,12,0.14482758620689656
650,hex,5,13,0.15402298850574714
651,hex,5,14,0.16245210727969348
652,hex,5,15,0.17088122605363984
653,hex,5,16,0.1839080459770115
654,hex,5,17,0.19310344827586207
655,hex,5,18,0.2
656,hex,5,19,0.20766283524904214
657,hex,5,20,0.21915708812260537
658,hex,5,21,0.2367816091954023
659,hex,5,22,0.24980842911877393
660,hex,5,23,0.2597701149425287
661,hex,5,24,0.2704980842911877
662,hex,5,25,0.27816091954022987
663,hex,5,26,0.285823754789272
664,hex,5,27,0.2950191570881226
665,hex,5,28,0.30727969348659
666,hex,5,29,0.3195402298850575
667,grid,5,1,0.0032679738562091504
668,grid,5,2,0.00980392156862745
669,grid,5,3,0.016339869281045753
670,grid,5,4,0.021568627450980392
671,grid,5,5,0.02679738562091503
672,grid,5,6,0.03137254901960784
673,grid,5,7,0.03594771241830065
674,grid,5,8,0.041176470588235294
675,grid,5,9,0.05032679738562092
676,grid,5,10,0.056862745098039215
677,grid,5,11,0.06209150326797386
678,grid,5,12,0.06928104575163399
679,grid,5,13,0.07712418300653595
680,grid,5,14,0.08954248366013072
681,grid,5,15,0.1
682,grid,5,16,0.1084967320261438
683,grid,5,17,0.11764705882352941
684,grid,5,18,0.12222222222222222
685,grid,5,19,0.12679738562091503
686,grid,5,20,0.13660130718954247
687,grid,5,21,0.14575163398692811
688,grid,5,22,0.15751633986928104
689,grid,5,23,0.169281045751634
690,grid,5,24,0.17647058823529413
691,grid,5,25,0.18235294117647058
692,grid,5,26,0.18823529411764706
693,grid,5,27,0.19477124183006536
694,grid,5,28,0.1980392156862745
695,grid,5,29,0.2019607843137255
696,organic,6,1,0.015655577299412915
697,organic,6,2,0.0410958904109589
698,organic,6,3,0.05805609915198956
699,organic,6,4,0.07045009784735812
700,organic,6,5,0.07958251793868232
701,organic,6,6,0.09393346379647749
702,organic,6,7,0.11285061969993476
703,organic,6,8,0.12850619699934768
704,organic,6,9,0.14285714285714285
705,organic,6,10,0.15394651011089366
706,organic,6,11,0.16634050880626222
707,organic,6,12,0.18003913894324852
708,organic,6,13,0.19112850619699934
709,organic,6,14,0.2054794520547945
710,organic,6,15,0.21787345075016307
711,organic,6,16,0.22570123939986952
712,organic,6,17,0.23222439660795824
713,organic,6,18,0.23939986953685582
714,organic,6,19,0.24853228962818003
715,organic,6,20,0.25505544683626874
716,organic,6,21,0.25962165688193084
717,organic,6,22,0.26614481409001955
718,organic,6,23,0.27527723418134376
719,organic,6,24,0.2850619699934768
720,organic,6,25,0.2928897586431833
721,organic,6,26,0.2987606001304631
722,organic,6,27,0.30528375733855184
723,organic,6,28,0.3131115459882583
724,organic,6,29,0.31833007175472927
725,line,6,1,0.001963350785340314
726,line,6,2,0.00981675392670157
727,line,6,3,0.01832460732984293
728,line,6,4,0.024214659685863876
729,line,6,5,0.030759162303664923
730,line,6,6,0.0412303664921466
731,line,6,7,0.051047120418848166
732,line,6,8,0.056282722513089
733,line,6,9,0.06217277486910995
734,line,6,10,0.0700261780104712
735,line,6,11,0.07787958115183247
736,line,6,12,0.08376963350785341
737,line,6,13,0.09096858638743456
738,line,6,14,0.10013089005235602
739,line,6,15,0.10732984293193717
740,line,6,16,0.11387434554973822
741,line,6,17,0.12238219895287958
742,line,6,18,0.12958115183246074
743,line,6,19,0.13743455497382198
744,line,6,20,0.14594240837696335
745,line,6,21,0.1511780104712042
746,line,6,22,0.15706806282722513
747,line,6,23,0.16361256544502617
748,line,6,24,0.17015706806282724
749,line,6,25,0.17801047120418848
750,line,6,26,0.18717277486910994
751,line,6,27,0.19764397905759162
752,line,6,28,0.20746073298429318
753,line,6,29,0.21662303664921467
754,hex,6,1,0.00858704137392662
755,hex,6,2,0.02810304449648712
756,hex,6,3,0.04605776736924278
757,hex,6,4,0.060109289617486336
758,hex,6,5,0.07181889149102264
759,hex,6,6,0.08040593286494926
760,hex,6,7,0.08665105386416862
761,hex,6,8,0.09445745511319281
762,hex,6,9,0.10460577673692428
763,hex,6,10,0.11553473848555816
764,hex,6,11,0.1288056206088993
765,hex,6,12,0.141295862607338
766,hex,6,13,0.15300546448087432
767,hex,6,14,0.16315378610460576
768,hex,6,15,0.17017954722872755
769,hex,6,16,0.1795472287275566
770,hex,6,17,0.1865729898516784
771,hex,6,18,0.195160031225605
772,hex,6,19,0.20452771272443404
773,hex,6,20,0.21701795472287275
774,hex,6,21,0.22872755659640906
775,hex,6,22,0.234192037470726
776,hex,6,23,0.24355971896955503
777,hex,6,24,0.25136612021857924
778,hex,6,25,0.2576112412177986
779,hex,6,26,0.26697892271662765
780,hex,6,27,0.2755659640905542
781,hex,6,28,0.2810304449648712
782,hex,6,29,0.2864949258391881
783,grid,6,1,0.005171299288946348
784,grid,6,2,0.015513897866839044
785,grid,6,3,0.025210084033613446
786,grid,6,4,0.03361344537815126
787,grid,6,5,0.04072398190045249
788,grid,6,6,0.051712992889463474
789,grid,6,7,0.06140917905623788
790,grid,6,8,0.06593406593406594
791,grid,6,9,0.07369101486748546
792,grid,6,10,0.08209437621202327
793,grid,6,11,0.0892049127343245
794,grid,6,12,0.09502262443438914
795,grid,6,13,0.10213316095669037
796,grid,6,14,0.10989010989010989
797,grid,6,15,0.11893988364576599
798,grid,6,16,0.13122171945701358
799,grid,6,17,0.14156431803490627
800,grid,6,18,0.14996767937944408
801,grid,6,19,0.1577246283128636
802,grid,6,20,0.16483516483516483
803,grid,6,21,0.1700064641241112
804,grid,6,22,0.1777634130575307
805,grid,6,23,0.1874595992243051
806,grid,6,24,0.1978021978021978
807,grid,6,25,0.2094376212023271
808,grid,6,26,0.2184873949579832
809,grid,6,27,0.2275371687136393
810,grid,6,28,0.2365869424692954
811,grid,6,29,0.24305106658047834
