grammar,seed,living_metric_v1,living_metric_v2_lambda_0.1,living_metric_v2_lambda_1.1473684210526316,living_metric_v2_lambda_2.194736842105263,living_metric_v2_lambda_3.2421052631578946,living_metric_v2_lambda_4.289473684210526,living_metric_v2_lambda_5.336842105263157,living_metric_v2_lambda_6.384210526315789,living_metric_v2_lambda_7.43157894736842,living_metric_v2_lambda_8.478947368421052,living_metric_v2_lambda_9.526315789473683,living_metric_v2_lambda_10.573684210526315,living_metric_v2_lambda_11.621052631578946,living_metric_v2_lambda_12.668421052631578,living_metric_v2_lambda_13.71578947368421,living_metric_v2_lambda_14.76315789473684,living_metric_v2_lambda_15.810526315789472,living_metric_v2_lambda_16.857894736842105,living_metric_v2_lambda_17.905263157894737,living_metric_v2_lambda_18.95263157894737,living_metric_v2_lambda_20.0
organic,0,0.09564164648910412,0.9756677675161782,0.7763724952121636,0.6455344779848017,0.5543577757526015,0.48754085328537894,0.43652694194908676,0.39627792404694173,0.36367655535442356,0.3367037978212172,0.3139974684169927,0.29460530700771703,0.2778409834189889,0.26319675230694123,0.25028849672971004,0.238819984056264,0.22855891815131302,0.21932046752998338,0.21095566929317341,0.20334309589370214,0.1963827561460604
line,0,0.042077580539119,0.9683987435015083,0.7149613502198863,0.5562442568481495,0.4512109602020068,0.37812366419100235,0.32497755528220335,0.28485347380201803,0.25359086944648496,0.22858407797292576,0.2081380112565402,0.19111098303578192,0.17670965443283412,0.16436722280485158,0.1536686628567338,0.144303420143457,0.13603461661631025,0.12867847772244717,0.12209025927931608,0.11615441150894185,0.11077756915153272
hex,0,0.0731331793687452,0.9688168306112377,0.7169120217438858,0.5573024005417323,0.45088103286780923,0.37655290740932024,0.32246917796805236,0.28169920885217553,0.2500255871242194,0.2247833853131764,0.20422838032623297,0.18718148943805984,0.17282198019313086,0.16056332988118513,0.14997641796925812,0.1407406363254419,0.1326119363994753,0.1254014293049696,0.11896072777225943,0.11317169699652198,0.10793915190195794
grid,0,0.03198433420365535,0.966598122159719,0.7014498633252518,0.5385095713668111,0.43241884587019447,0.35956814307287494,0.30714375149276807,0.26788190793072414,0.23748073224736038,0.21328171126225048,0.19357466077521215,0.17721815627934462,0.16342469591461198,0.15163473295768082,0.14144025811744812,0.13253692479504375,0.12469314493984152,0.11772958375757372,0.11150520924513677,0.1059075834306475,0.10084596563040302
organic,1,0.1095183486238532,0.9759813473674274,0.7785777234102078,0.6484968895699191,0.5578010003170796,0.49140584684409255,0.4407832668778716,0.4008830862200826,0.3685769639644869,0.3418430731221206,0.3193229044912391,0.3000712416723569,0.28340985778019134,0.26883882953382077,0.25598094878494726,0.24454577430268246,0.23430570551242338,0.2250796334233246,0.2167214994742598,0.20911211470241012,0.20215319566655385
line,1,0.03676470588235294,0.9682220568824337,0.7130636275168707,0.5530554087085466,0.44717188244319783,0.37357430211667486,0.32015396853464456,0.2799108971040264,0.24862752949279088,0.2236597842492869,0.20328735001545134,0.18635230342657272,0.17205106626063965,0.15981055149578496,0.149212030694956,0.1399429105779064,0.13176532936585925,0.12449518115265838,0.11798777847835058,0.11212784481409108,0.10682239514817554
hex,1,0.08118361153262518,0.9685705927960435,0.7163441870456985,0.5583058290846301,0.45376828338872865,0.3810952584925244,0.3283049310990224,0.28848151084046697,0.25746600022248806,0.23265626758898092,0.21236248509386532,0.1954489825747426,0.18112842024907844,0.16883953327672177,0.15817217913591725,0.14881998919182052,0.140549611081954,0.13318020656869015,0.1265694585333587,0.12060381244624546,0.115191536161023
grid,1,0.03183023872679045,0.9660208530003351,0.6976117282791953,0.5342037184494662,0.42867140436912354,0.35667104363721924,0.3051020312769003,0.2666026693689179,0.2368495527981373,0.21319097371159337,0.19393201713780195,0.1779472772100387,0.164463402920243,0.15293255218925542,0.14295613685153372,0.1342373216607794,0.12655050361565115,0.1197211349933072,0.11361203467911024,0.10811388185816773,0.10313847412523955
organic,2,0.0869812393405344,0.9762847515582374,0.7815509407601776,0.6532205031811311,0.5635846073941925,0.4978084444805154,0.4475429079072455,0.40784908349044846,0.37566265359657924,0.3489967935977562,0.3265114028704568,0.3072706823629116,0.2906011955687796,0.27600557005745135,0.2631081549259889,0.2516196859078703,0.24131363518515672,0.23200996667319504,0.22356371744355336,0.2158568048884081,0.20879203969664356
line,2,0.043424317617866005,0.9698545057985329,0.726279966917178,0.5715216871347465,0.4677615008909015,0.3947690623381459,0.3412438469683039,0.30059054069332275,0.26879143164714386,0.24329791039762363,0.22243203945918086,0.2050515645398458,0.19035552807855682,0.17776747927560874,0.16686296125223402,0.15732309710384118,0.14890404362727763,0.14141637620309358,0.13471085802257612,0.12866841524139253,0.12319294520265636
hex,2,0.06816479400749063,0.9683028403408298,0.7140083610638848,0.5547402563960964,0.4494201318835997,0.37623282160638716,0.3231042249431735,0.2830639312313407,0.2519168063037605,0.2270352087981058,0.20671082371727165,0.18979453906608484,0.17548932333562067,0.16322702251590154,0.15259268379127938,0.1432766515418764,0.135043387534792,0.12771065256283104,0.12113528001987652,0.11520324732450041,0.10982261327254259
grid,2,0.03713188220230474,0.9666102395405632,0.7019344665004333,0.5395610534868502,0.43386704828870104,0.3612339957840978,0.3088969671853344,0.2696404624577623,0.23919783425748384,0.2149334870969199,0.19515124125434533,0.17871785517748084,0.1648504004060055,0.15299173370591435,0.1427349728039807,0.13377616136497253,0.12588368549385914,0.11887795678740841,0.11261757152486554,0.10698966522894333,0.10190305215173763
organic,3,0.12560386473429952,0.9764374598260749,0.7825682734826996,0.6546773764034548,0.565505829756807,0.5002460389243624,0.4504916662664827,0.41125502914550804,0.37944697609007727,0.3530748134015769,0.3308038534670668,0.3117090880958602,0.29512955901649307,0.2805800350251156,0.2676957071268599,0.2561965067602435,0.2458634373773707,0.23652246969356927,0.228033325572039,0.2202814994216895,0.21317247233623804
line,3,0.04892966360856269,0.9693785197442191,0.7230186726839822,0.5677003445334421,0.4641965142276409,0.39168036890075736,0.33861904824760874,0.29834242692633683,0.26682212457939347,0.24152195007992988,0.22078221497914047,0.20347807992740977,0.1888230577478269,0.1762519560935585,0.16534875468722227,0.15580074333879093,0.14736849956941836,0.13986571011376825,0.13314528282006755,0.12708958235607284,0.12160343305104136
hex,3,0.08212927756653993,0.9681441349309488,0.7121208338410234,0.5513819157859848,0.4450407046822321,0.37126095258662867,0.3178827953644889,0.2778441354166602,0.24687207090339774,0.22227908330058832,0.2023130980996006,0.18579406231700543,0.17190359853823506,0.16005914884137284,0.14983627481150422,0.14091927070751328,0.13306892183537303,0.12610093627605867,0.11987119338555022,0.11426544968292116,0.10919202285072971
grid,3,0.04963600264725347,0.9661997541322813,0.6990624372245692,0.5360923899590744,0.4305852478268357,0.3584792254227704,0.3068098593148225,0.268261832757836,0.23851455099639549,0.2149027348448953,0.19571486877581784,0.17981134430956316,0.16640849879642305,0.1549518721799763,0.14503918751536563,0.13637202019004407,0.12872457107679677,0.12192295216476531,0.11583111618034087,0.11034109306114097,0.10536608308069605
organic,4,0.09848058525604952,0.9760083739138835,0.7780240838097636,0.6466326287240263,0.5545467466921764,0.4869340053180419,0.4353373006881917,0.3947004498863895,0.36186072846395134,0.3347556227209369,0.31198886098448436,0.2925835479344226,0.2758362896146053,0.26122782875662554,0.24836643702756356,0.23695094702473563,0.22674593761977904,0.21756466222639795,0.20925704273208856,0.2017010580568051,0.19479645732685036
line,4,0.033854166666666664,0.968407545807679,0.7145214821170279,0.5549754652158816,0.44914383474038755,0.375414298530635,0.3218005250310694,0.2813649573974681,0.24991888617733124,0.22482878067940879,0.20437530277535906,0.1873968413051523,0.17308419637421205,0.1608581962900679,0.150294317908615,0.1410748098264806,0.13295740989424,0.12575437030610437,0.11931806102812342,0.11353087772091097,0.10829803139030415
hex,4,0.06846153846153846,0.9682329547014636,0.7133742973557475,0.5536693584504178,0.4479686965059402,0.3744596264167647,0.32107637647248805,0.28085051069766637,0.24958331586402227,0.2246405368409698,0.20430607833210693,0.18742296209912168,0.1731867538937416,0.1610226041947609,0.15050965111481832,0.14133311048212358,0.1332530479762549,0.12608349374459027,0.11967814256005589,0.11392035226592453,0.10871601222337063
grid,4,0.04055851063829787,0.965688476755463,0.6950159817969394,0.5306889544591112,0.4248849714906259,0.3529353374573196,0.30157707728046185,0.26336197386747956,0.23391853388765368,0.21056808344472366,0.1916010820214469,0.17588494087179157,0.16264362767884205,0.15132927705994037,0.14154476250684994,0.13299545337678656,0.12545823509340037,0.11876105881911832,0.11276909995095363,0.10737517556573278,0.1024929735331919
organic,5,0.08435960591133004,0.9756470772123745,0.7757117954597476,0.644149643032543,0.5524942947215262,0.485437888433152,0.43434570244979137,0.39410890242266144,0.3615623042603768,0.3346587119340022,0.31202121046606396,0.2926908775600015,0.2759791577116974,0.26137830446931404,0.2485051738442205,0.2370648215189745,0.2268262366190922,0.21760573632837021,0.20925533052060183,0.20165439311621008,0.1947035849886616
line,5,0.0410958904109589,0.9685832796421283,0.7159414199544479,0.5570301708402755,0.45155639563652195,0.3780336173545764,0.32452901336106804,0.2841330096675674,0.25267507792287136,0.22753520715398648,0.20700464550983408,0.18993014044411008,0.1755090427502774,0.16316725526340015,0.15248413793797633,0.1431448731160104,0.13490938328706112,0.12759151802349133,0.12104478625373148,0.11515236593822055,0.10981997384179192
hex,5,0.0681992337164751,0.9682830609517489,0.7137410521396516,0.5541249109328865,0.4484238840681741,0.3748963000179058,0.3215071944114351,0.28129674127854676,0.2500641203093943,0.22516895121112052,0.20488848589249592,0.1880601107813192,0.173875252729972,0.1617563796696647,0.15128115432395745,0.14213422584860516,0.13407572722401725,0.12692016527891592,0.12052195010642369,0.11476527057375135,0.10955687849344739
grid,5,0.02679738562091503,0.9660458675647309,0.6974457611960075,0.5333299514836118,0.42692434952815367,0.35407968803578993,0.30177537885196415,0.262667204542777,0.23242130073063055,0.2083662748758079,0.18878701653664087,0.17254076206005814,0.1588404276446372,0.14712778472010743,0.13699658523564545,0.12814441687662276,0.12034163144423125,0.11341073641161804,0.1072123846898855,0.10163563594019151,0.09659105014768928
organic,6,0.07958251793868232,0.9750044551685381,0.7709874618627662,0.6383856492819326,0.5471000947332176,0.4809648085327405,0.4309143675424602,0.39163846781334943,0.359890197744967,0.3336011260037352,0.3114020302666711,0.2923540682907305,0.2757926879688906,0.2612339148538412,0.24831626840309076,0.2367636663546988,0.2263610628797072,0.21693803083985364,0.2083574311746117,0.2005074201157923,0.1932956964762388
line,6,0.030759162303664923,0.9692373349790978,0.721256112796869,0.5644199913651038,0.45968383272714425,0.38621452937049877,0.3324233493797866,0.2915823552250364,0.2596166210545291,0.23395589021854393,0.21291663847401543,0.19535771234123064,0.18048156314085603,0.16771550634688223,0.15663841814709276,0.14693406905564085,0.13836056219231696,0.13072979654627165,0.12389334243452305,0.11773252200382432,0.11215131081087686
hex,6,0.07181889149102264,0.967956832694439,0.7115119516482669,0.5516284878188988,0.44628747336152813,0.37325600219755595,0.3202899575420945,0.28036193885510574,0.24926818370838577,0.22439061340676048,0.20403522977974722,0.1870665013151914,0.17269839808142465,0.1603709248130124,0.14967478732774633,0.14030399987682585,0.1320252025282603,0.12465726151788141,0.11805737092330315,0.11211137018721198,0.10672686054829983
grid,6,0.04072398190045249,0.9669405028095395,0.7040630570384455,0.5420207893324901,0.4362697607632726,0.3635528682647892,0.3112002850552358,0.27200058510095987,0.24166612872372367,0.21753839820738985,0.19790313426774558,0.18161473896720837,0.16788269906031603,0.156145773125897,0.14599534068690848,0.13712721051400625,0.12931043123239935,0.12236656560002841,0.11615558430695093,0.11056605482798648,0.10550818236622653
organic,7,0.08919667590027701,0.9761375628865325,0.7804399623415444,0.6517086861412744,0.5618372833988855,0.4958315065345023,0.44529596321554893,0.40529246705325345,0.3727728083061215,0.34576803135945516,0.3229527130166428,0.3034014243238231,0.28644718007112985,0.2715959787288757,0.25847331277274355,0.2467895497391315,0.2363168312862607,0.22687322755605496,0.21831159722328355,0.21051158238805653,0.20337374324282076
line,7,0.035924232527759635,0.9686818205783879,0.7175691723137322,0.5601997611668457,0.4558392463723555,0.3829995012938436,0.3298512330484668,0.28958937423094594,0.2581238009958909,0.23289039974308995,0.21221736219373305,0.19497510390478295,0.1803757634020176,0.1678542314267075,0.15699512160393456,0.14748649234260183,0.13908964734262472,0.13161889461173187,0.12492764855429947,0.1188986778187411,0.11343712733603888
hex,7,0.08090379008746355,0.9680832760967993,0.7129193479531029,0.5539486523540281,0.4491336834243961,0.37636781513316653,0.32352105799097863,0.2836408974298642,0.2525660263832738,0.22769986962043462,0.20735790307081164,0.19040772736875652,0.17606338897483134,0.16376368830165344,0.15309774679242347,0.14375803651656283,0.13550987018464633,0.12817105051963756,0.1215979640976936,0.11567586821507127,0.11031197037581811
grid,7,0.03830911492734478,0.9664122555711715,0.7007028293329809,0.5381546916327509,0.4325317102870019,0.3600514946302446,0.30790617281258664,0.26886475754138467,0.23865002359333318,0.2146171567087963,0.19506239766055655,0.17884694792646366,0.16518429351157762,0.15351534848752166,0.1434325185534021,0.1346319827873116,0.1268828002531583,0.12000636276979083,0.11386239314599929,0.10833919305240419,0.10334671563864595
organic,8,0.09781287970838397,0.9759889752627479,0.7797224871206628,0.6514219996525883,0.5623919666568941,0.4973883313351573,0.447897004335831,0.408916981697051,0.3773649164135899,0.3512526605691849,0.32924570499827904,0.3104161424734686,0.2940987618546885,0.27980393646631174,0.2671629808697941,0.2558927459903866,0.24577200178356595,0.23662526813107318,0.22831148563234935,0.2207159118482627,0.2137442165549071
line,8,0.035758323057953144,0.970330178778613,0.7303369799030911,0.5774122055891177,0.4744621858116176,0.4016639995190034,0.34796165278771746,0.30691327572744553,0.2745997666219061,0.24853630398288426,0.2270858890776168,0.2091319647188549,0.1938890519215574,0.18078934849736095,0.16941252546236693,0.15944089173208237,0.15062992550685392,0.14278839125954024,0.13576460228044285,0.12943672423466973,0.12370579816070401
hex,8,0.07879234167893961,0.9692731902908894,0.7215496997699163,0.5647718050079573,0.4600109337484313,0.386523970696346,0.3327601869357233,0.2919977396370588,0.26015414382287755,0.23464804348741672,0.2137856047514455,0.19641746276984504,0.18173997414784013,0.169176075538883,0.158301531539332,0.14879789776636823,0.14042168830739263,0.13298365278797047,0.12633452749333576,0.12035503334060237,0.1149487219176814
grid,8,0.03407601572739188,0.9669529688918393,0.7037979661452373,0.5412370630698825,0.43501044145662043,0.36190810093567416,0.30924408244754575,0.26978315060110314,0.23922011868631438,0.2148860878212061,0.19506143398446454,0.17859807218045354,0.1647044168484752,0.1528187255479781,0.14253202358856396,0.1335397323244809,0.1256104269302418,0.1185651157392992,0.11226315988874232,0.10659249090416299,0.10146267589702038
organic,9,0.09610250934329952,0.9752541098585137,0.7734029035707253,0.6420055993807103,0.5511606085624914,0.48500990805319816,0.43473223632896163,0.3951742116376694,0.3631765262063317,0.3367121007585989,0.3144251740722673,0.29537496807603936,0.2788874172373724,0.26446605956158403,0.25173650327030456,0.24041063344251368,0.23026282391147843,0.22111368630700767,0.21281869211736487,0.20526003086199754,0.19834067001923825
line,9,0.039150630391506305,0.9688109684462859,0.718080377922313,0.5603459199117335,0.455529137132878,0.3823207778768323,0.32891250361914803,0.288477497228237,0.2568992123470124,0.23159262153020022,0.21087152940452664,0.19359708355735258,0.17897564987590145,0.16643857971728573,0.15556832475841093,0.14605161610822562,0.13764893297119077,0.13017406271151039,0.1234800845488537,0.11744954677872588,0.11198744620852896
hex,9,0.06429652042360061,0.9679307629291917,0.7102901535570847,0.5487525211343156,0.44204685780376596,0.3680943292881529,0.3146098122540725,0.27447697415268296,0.24340539434417702,0.2187065037260902,0.19863310203154835,0.18201101715919393,0.1680267884469322,0.15610125720163326,0.1458119259852239,0.13684384834740848,0.12895770129959705,0.12196849640616686,0.11573105118779707,0.11012986162151238,0.10507190473326553
grid,9,0.037157757496740544,0.9659988243239126,0.6971737909853377,0.5331991210156285,0.42710712123402467,0.3546149766937835,0.30263462358422916,0.26379728317798395,0.23376678854019659,0.209878765155689,0.19042763731851567,0.17427963800488858,0.16065507540273466,0.14900137321726856,0.13891642880698896,0.13010079754269654,0.12232693119526226,0.11541882175179183,0.10923818132799977,0.10367484015472041,0.09863993520941478
organic,10,0.07904710341093665,0.9759040062453788,0.7773409724552631,0.645879253101678,0.5539028201535074,0.48644232655093833,0.43498726865391585,0.39446464498384154,0.3617103325440655,0.3346661459847782,0.31194151672668596,0.2925648180649428,0.2758368816640297,0.2612415645897525,0.24838928897251178,0.23698028263241905,0.2267799659915389,0.21760204934077904,0.20929665787264093,0.2017418167342539,0.19483723230091196
line,10,0.04361770365618987,0.9686887928508866,0.7174963291905398,0.5600264821625174,0.45564668114542456,0.3828491014975491,0.3297695370074767,0.2895785475381947,0.258173757212349,0.23298708224486187,0.21234727229068642,0.19512728896583106,0.18054235360848375,0.16803025675333133,0.15717803739346792,0.1476756391931009,0.13928575063476992,0.13182364332316032,0.12514336013727964,0.11912804134635188,0.1136830120921812
hex,10,0.06043956043956044,0.9689639556669669,0.719315509401873,0.5620331342719759,0.4573461939326453,0.3841168362161687,0.33062639175494196,0.29009183754843765,0.2584160535072428,0.233021233927167,0.21222274802765864,0.19488099908268094,0.18020090492825314,0.16761236220600634,0.15669661004769686,0.14713945324745406,0.13870069339550053,0.13119362845960048,0.12447097835368047,0.11841501530992952,0.11293050917451614
grid,10,0.03694102397926118,0.9673904197531682,0.707577474850657,0.5467084057701111,0.44118940559754005,0.368238583749727,0.31542985461872786,0.2756800810580056,0.2447703693148222,0.2200790425172066,0.1999109637772307,0.1831295551914581,0.16894749723456667,0.1568034088131959,0.14628668780430942,0.13709022255478182,0.12897974841926316,0.12177344642299215,0.11532802282972981,0.109528997156359,0.10428378875594335
organic,11,0.08709079678814083,0.9757981363920878,0.7777567445429523,0.6479559760563337,0.5575887286696729,0.4913614266088217,0.4407405026904872,0.4007184188486974,0.36820979083656935,0.3412251698134195,0.3184280778666615,0.2988876509081427,0.28193484912795863,0.2670755939092238,0.2539363765644408,0.24222906373150696,0.2317274399806436,0.22225115348486113,0.21365446530566437,0.20581819648319885,0.198643853630215
line,11,0.0391566265060241,0.970840239376302,0.7341247665766981,0.5822400675062753,0.4793194947226388,0.4061065908291229,0.3518128599611615,0.3101241171823455,0.27718163116634775,0.25052779533348385,0.22853628014386237,0.21009295397062602,0.1944107606897771,0.18091851448642898,0.1691918361381847,0.15890890048812903,0.14982125272955318,0.1417340503104069,0.1344923652317452,0.1279714833530297,0.12206990190619674
hex,11,0.07240853658536585,0.9676837031032023,0.7087642505382377,0.547060037221607,0.44045803464357247,0.3666223232637357,0.3132111212851653,0.2731115488824742,0.24204867646950612,0.217347161771667,0.19726807923462142,0.18064135664466627,0.16665487774448767,0.15472928168368444,0.1444411576648855,0.13547444543852213,0.1275887861509629,0.12059836171125612,0.11435740501936703,0.10875006251364112,0.10368316359619187
grid,11,0.04188144329896907,0.9667149579115265,0.7016164260671429,0.5378313396571964,0.4308478179846078,0.35730806536612275,0.3044290433947379,0.26490753845110576,0.2343895580056011,0.2101710558437398,0.19050727877356904,0.1742323796184458,0.16054238153046746,0.14886701916775122,0.13879154685670167,0.13000755041930565,0.12228111695871648,0.11543169643450323,0.10931772787687004,0.10382665283016677,0.0988678396334398
organic,12,0.09633312616532007,0.9751800530062114,0.7721706965837913,0.6394337361706682,0.5474016991556263,0.48029437036088635,0.42927624536784637,0.38915457218440097,0.35673038462635465,0.3299440958654253,0.30741539380493665,0.28818558916698056,0.27156766455358067,0.25705571524389453,0.24426832502234516,0.23291200703478868,0.22275689905132354,0.2136201720124329,0.20535443029399197,0.19783942558233333,0.19097602199299582
line,12,0.03732809430255403,0.9681820271858855,0.7136909980940428,0.5549392824425163,0.4500987980453596,0.37718982545213037,0.3241550677450356,0.2840809685848303,0.2528251497413442,0.22779864005688652,0.20731849505286074,0.19025097020325296,0.17580757493294938,0.1634242943800118,0.1526875968077224,0.14328764165056374,0.1349878112460911,0.12760433674713373,0.12099234254605046,0.11503607804013911,0.10964194587063268
hex,12,0.07498087222647284,0.9685644611956199,0.7156132651194429,0.5563067042068759,0.4504814463944486,0.37671443103254415,0.3230876504463778,0.2826802336320737,0.25129987347475513,0.22630303919498942,0.20595981605931174,0.18909959702571236,0.17490630804563764,0.16279590535142302,0.15234065161853622,0.1432208605212017,0.13519327598337008,0.1280698217361936,0.12170299181849469,0.11597559964910545,0.11079345234117913
grid,12,0.0396361273554256,0.9660069491969916,0.697514978150754,0.5339380594486597,0.42813689311883285,0.3558310853755872,0.3039640243082115,0.2651933496831678,0.23520050713714896,0.21133235001749512,0.1918906274064462,0.17574655693481908,0.16212394281583087,0.150472669342379,0.1403923197054313,0.131584534278885,0.1238223824407582,0.11693011669025355,0.11076944525711412,0.10523000690124708,0.10022262155758854
organic,13,0.12543153049482164,0.9763417302864406,0.7817314724985224,0.6530973694105398,0.5630244845596556,0.49678508133072935,0.44607248190682675,0.405966007591147,0.37340921998427046,0.34641799284698366,0.32365201775134655,0.30417359035819,0.28730641042010063,0.27254976478943876,0.25952450101586494,0.24793789489025392,0.23756012346650168,0.22820808904585813,0.21973403268386557,0.2120173496170518,0.20495859565174973
line,13,0.036797934151065206,0.9684445020479802,0.7145644161966117,0.5547291511442326,0.44858346689326595,0.3745971999362109,0.32079730894098263,0.28023752400822083,0.24871579455622772,0.22358637680928414,0.2031202434265467,0.18614853097505946,0.17185674445111324,0.15966187960105574,0.14913664006006172,0.13996125929229317,0.13189200131618198,0.12474003206635345,0.11835691412317464,0.1126244375269748,0.10744735440657897
hex,13,0.07532051282051282,0.9685803171375759,0.7163878469176057,0.558042497869673,0.45290422109229767,0.3794992815712491,0.32597542048476924,0.28549214720143096,0.2539238011636323,0.22867562569713998,0.2080513236886987,0.19090257857244647,0.17642758149633508,0.1640510168111009,0.15335011570232937,0.14400764126557383,0.1357811245184228,0.12848220257661983,0.12196241197855116,0.11610321212836712,0.11080884516497537
grid,13,0.028701891715590344,0.9655331158283816,0.6927120654404815,0.5261437581825975,0.4185136308474924,0.34522813307508815,0.292958589423795,0.25416121137724984,0.2243769545280292,0.20085731707515994,0.181840385406286,0.16615551823795,0.15299953260690535,0.1418054129417256,0.1321626403571328,0.12376729078845418,0.11638985573516923,0.10985393520003879,0.10402178831839486,0.09878432106795633,0.09405401215917339
organic,14,0.08021038790269559,0.9753077559387232,0.7735022469758257,0.6416166923805285,0.5501394131318436,0.48339716162688917,0.43263275150169267,0.3926991416713053,0.3604210575798263,0.3337501532394259,0.31131106005355696,0.29214718300298675,0.27557251641224545,0.2610819135720518,0.24829480338774204,0.23691873376622297,0.22672506242931867,0.21753232000736222,0.20919455527506478,0.20159299816376058,0.19462998318190422
line,14,0.032504780114722756,0.9686221978157625,0.716425568336516,0.5577643496563139,0.4523090904130637,0.3786589014123633,0.32495767926945496,0.28434366442985287,0.2526715722829468,0.2273329623826337,0.20662333173528763,0.1893900945498685,0.174829676978238,0.1623664520381689,0.1515781015129251,0.1421481759523898,0.1338350845854493,0.1264513006300839,0.11984909037785879,0.11391051235674433,0.10854027509696397
hex,14,0.06590038314176246,0.9687112569196349,0.7173873376801753,0.5594541021849679,0.45457053515762147,0.38134907109832805,0.32795498059105693,0.2875484323537109,0.25600374653110236,0.23072899855096263,0.21003321456618484,0.19277474591011165,0.17815880811374368,0.16561682005110295,0.15473210586025546,0.14519273172152933,0.13676071811296536,0.12925142298132902,0.12251941306447522,0.11644857694709378,0.1109450741787898
grid,14,0.030907920154539602,0.9671580066235517,0.7061889968635968,0.5454105190503644,0.440374277929524,0.3679500062196102,0.315591587722345,0.27619126550868406,0.2455405406082316,0.2210374019530904,0.20100573969747224,0.18432431386997689,0.17021714352711745,0.15813080858300244,0.1476601006974956,0.1385014624956104,0.1304229166051431,0.12324408523354881,0.1168225665251329,0.11104442564550088,0.10581741686631688
organic,15,0.11921824104234528,0.9760373320702314,0.7797517693227788,0.6510570897376994,0.5616110535054597,0.49625378679856935,0.44647518704865946,0.4072606303377157,0.37551360905002334,0.3492368185238673,0.3270900912531524,0.30814216343761747,0.2917257833940413,0.27734995358223424,0.2646449099687872,0.2533265164972002,0.2431725531457696,0.234006511970241,0.22568626464006916,0.21809597061913177,0.21114019030030565
line,15,0.041501976284584984,0.968954846880578,0.7198171870626453,0.5633589184869262,0.4593470010611971,0.386558387094357,0.33330329602659076,0.29285164653754175,0.26115517435726593,0.23567415872285852,0.21475151199751305,0.19726667958789734,0.1824372817706493,0.16970137986771955,0.15864521444796612,0.14895743240359255,0.1403992330535276,0.13278436829975998,0.1259654139460972,0.11982413588864402,0.11426459409245374
hex,15,0.08396946564885496,0.9692305087640397,0.7208202475052691,0.5633819662597902,0.45816572448166043,0.38439483807530556,0.3304585952118729,0.2895903811637369,0.2576803748878323,0.23213182752624076,0.21124244667018072,0.19385811772809244,0.1791723485943986,0.1666061947374019,0.15573405275667854,0.14623641204824037,0.13786892596142392,0.13044164331122196,0.12380473435063989,0.11783847083412441,0.11244605635805156
grid,15,0.03720626631853786,0.9664260652554084,0.7000763093857245,0.5367446302809534,0.43075157092863803,0.3582701648587216,0.3063476327735125,0.2676352213399455,0.23778159058622475,0.21410133925241567,0.1948713198394134,0.1789454629913908,0.16553638426576822,0.15408720628651898,0.14419379784141165,0.1355561060969896,0.12794680328837318,0.12119054368247627,0.11514990271322802,0.10971563240694088,0.10479977071268755
organic,16,0.1117861482381531,0.9750269015091875,0.771530739566967,0.6394197965445357,0.5484017820210597,0.48238412047694446,0.43240277055435733,0.3932184357445426,0.3616215085212569,0.3355567053222799,0.3136535143999757,0.29496439770496885,0.27881312132658753,0.2647035688498328,0.25226296270549037,0.24120534209610786,0.23130736250930373,0.2223918234153475,0.21431618249240444,0.20696437192244294,0.20024085348959933
line,16,0.027564102564102563,0.9690706797580604,0.7205144985489612,0.5641915217225171,0.46026295747087004,0.38758060047606985,0.33444804914664183,0.29411737809344995,0.2625278235329906,0.23713373067733196,0.2162765818724067,0.1988368765197156,0.18403441807304083,0.1713098024670646,0.1602517571311622,0.1505511886433747,0.1419712671708087,0.13432742349245858,0.12747364343835607,0.12129286676026683,0.11569012519213638
hex,16,0.05660377358490566,0.9678620407577313,0.7112934208203858,0.5517818278553498,0.4467405353174544,0.3738654810293872,0.32095458498396073,0.2810282368398998,0.2499145233634197,0.22501255019185396,0.20463601898345635,0.18765186180230342,0.17327396654155142,0.16094121480089374,0.15024291487334715,0.14087176029443604,0.1325932811374406,0.1252254726754708,0.11862487912116693,0.11267687682226328,0.10728875398833701
grid,16,0.028515878159429683,0.967145303932417,0.7055532230939696,0.5438720065755441,0.43805184772260336,0.36505891246214056,0.3123346008482739,0.27272766209254423,0.24198439665251165,0.2174652394975721,0.19746576408405422,0.18084455439684066,0.16681183920000156,0.15480512569151222,0.14441348946433152,0.1353299793475791,0.127320791082295,0.12020474949140486,0.1138393099113964,0.10811079214593204,0.10292742924422467
organic,17,0.08078141499472016,0.9764495946235637,0.7816709488675211,0.6521023274586233,0.5612472277394371,0.4945343967573155,0.44359728755784983,0.4034213866569433,0.37087416188928124,0.3439210146470743,0.3211921770754584,0.3017349600570021,0.2848671231214461,0.2700872251953523,0.25701811105666883,0.2453702575179508,0.23491736679400574,0.22547971671358272,0.21691254713663916,0.20909779217231172,0.20193808295073795
line,17,0.0317975340687865,0.9690809924361689,0.7206679142963409,0.5643814244893469,0.46036615089697497,0.3875342674969531,0.33423869568870707,0.293758115991155,0.26204190043540343,0.23654547927469682,0.21560743084606973,0.19810417281058654,0.18325158082931448,0.1704869811313486,0.15939658427083106,0.14966945306192464,0.14106745243134647,0.13340511158337234,0.1265358041633129,0.12034205817947514,0.11472862836941154
hex,17,0.0718562874251497,0.9675475889689917,0.7076777590639692,0.5456022183364918,0.43891885557818955,0.3651241267234231,0.3117869282881904,0.271751861071917,0.2407277655501287,0.21603682469492597,0.19594408715678846,0.1792858405492909,0.165256588816327,0.15328284717043447,0.14294595620843584,0.13393343115321996,0.126007420213228,0.11898371467095833,0.11271744196134599,0.10709309796690304,0.10201746247132408
grid,17,0.036482084690553744,0.9669504331458306,0.7045679353773423,0.5431997863343615,0.43797157842852263,0.36556214118036684,0.31332767779543436,0.274104089083032,0.24364824775699787,0.21933684282080937,0.1994813679841644,0.18295423905836256,0.16897714855649626,0.15699688785673818,0.14660994449981002,0.1375152185334573,0.12948347760985232,0.12233708262172303,0.1159361951049562,0.11016918272447364,0.10494580900663265
organic,18,0.09387755102040816,0.9748385754264499,0.7701946750075107,0.6377864113076882,0.5468203592712358,0.48099492657281406,0.4312601084219666,0.3923413969838124,0.3610143371962597,0.3352167088817163,0.3135740673910187,0.295136130630789,0.2792245076286782,0.26534134921196323,0.2531125405958768,0.24225117343591698,0.23253332884598088,0.22378157320881065,0.21585342935951626,0.2086331444317271,0.20202569587104033
line,18,0.03337696335078534,0.9687333436393982,0.7172625731205542,0.5590062863383305,0.4538442525681052,0.38039445060370664,0.32680135519941866,0.2862142978684949,0.25450625163605,0.22908799322438433,0.20827164650821353,0.19091748423958713,0.17623113590109776,0.1636431481854471,0.15273507146161114,0.14319266648759715,0.13477540983416988,0.12729608508981508,0.12060678938419095,0.11458912620159607,0.10914719494568813
hex,18,0.07529239766081872,0.9688658831041749,0.7180844383038737,0.5598180875000961,0.45443565098866573,0.38076761760651207,0.32703161913279966,0.28638821176049,0.25469830576784436,0.22935474231256014,0.20865274241053888,0.19143883895199781,0.17690825701154256,0.1644839755611224,0.15374218325790398,0.1443649195734511,0.13610913101762664,0.12878592531777505,0.12224633222344825,0.11637131961876283,0.11106465667539027
grid,18,0.03873466752743705,0.9667338743573458,0.7029030404080945,0.540994024968876,0.43566991373695996,0.3633897538958165,0.3113964782079893,0.2724651128575099,0.2423195345761545,0.21831882084885793,0.1987653951381518,0.18252729158330136,0.16882434280537076,0.1571028024831054,0.14695929319582754,0.13809317970939236,0.13027584719382648,0.12333033753114923,0.11711751215265459,0.11152643518824716,0.1064675516409304
organic,19,0.07608695652173914,0.9748960465059952,0.7700412768725442,0.6365712829546467,0.5442431771739542,0.47701448282085834,0.42594437600783464,0.3857965569791446,0.3533537612074301,0.3265487772820209,0.30399828802639345,0.2847426174222459,0.26809463682772955,0.25354869893710325,0.24072378915060255,0.2293268676677355,0.21912852138241906,0.20994635309790788,0.20163337282443938,0.1940697073029886,0.1871565630697349
line,19,0.04229607250755287,0.9705776062180645,0.7320677585833563,0.5795677141666599,0.4767391403317672,0.4040548001243416,0.3505449026059427,0.3097684074036763,0.2777792689647961,0.2520623680999415,0.2309558384786456,0.21332562418761983,0.19837540213096422,0.1855316949215709,0.17437217951737113,0.1645796226457676,0.15591148569498178,0.14817938176677484,0.14123488754975053,0.13495955063738246,0.12925772585731657
hex,19,0.07454401268834258,0.9683818203872427,0.714311629409634,0.5548816655783426,0.44942899028461053,0.37622058876873016,0.3231682299658386,0.28326893936559305,0.25229899389270055,0.22761035530549065,0.20748150108519026,0.19075533032203174,0.17663031782577523,0.164536056629373,0.15405673463969838,0.1448826792561152,0.13677882546737039,0.1295636751523684,0.12309493146799366,0.11725948406679267,0.11196629400222703
grid,19,0.046511627906976744,0.965954670018816,0.6967034648601613,0.5324425024036982,0.42622825584576607,0.35374858895645134,0.30187278806699774,0.2631939804497546,0.23334773059724886,0.2096509337187724,0.19038673355397498,0.17441528778436885,0.16095420141569844,0.1494502412165363,0.13950180179756555,0.13081052048609584,0.12315016861046643,0.11634609415630794,0.11026129278470283,0.10478675333783485,0.09983462727037193
organic,20,0.08151549942594719,0.9757592655180978,0.77672869600261,0.6456852408873609,0.5543119894044382,0.48740671337051183,0.4363966065358465,0.3962052451442327,0.36368296797430044,0.3367894980415169,0.31415094834915674,0.29480993837055247,0.27807905564854407,0.2634517024279179,0.2505459748521571,0.23906822019861676,0.2287886983291964,0.21952491145598407,0.21112992433712274,0.20348401231052932,0.19648857799952385
line,20,0.025957170668397145,0.9683658088505634,0.7145381943715635,0.5553822053945702,0.4499149731345534,0.3764325003038186,0.32294414440042457,0.28253312366733746,0.2510354817989879,0.22583983304393057,0.20524481809167366,0.18810274674624672,0.17361487357415525,0.16120967977144968,0.15046809787841287,0.1410761430710451,0.1327940417627687,0.12543558174854222,0.11885396859541915,0.11293192800107611,0.10757464333064275
hex,20,0.06190125276344879,0.9675980758383954,0.7083228872152071,0.546755666133658,0.44040827582984693,0.36680543514335506,0.3135673729858242,0.2735820443142986,0.2425871308844908,0.21792106659656307,0.1978563868070822,0.1812315322200123,0.16724030443947827,0.15530725182421687,0.14501141391066794,0.13603816124750384,0.1281478735602445,0.12115501430900648,0.11491380639029806,0.10930820940923403,0.10424476758174944
grid,20,0.05454545454545454,0.9672221433208199,0.707065996472498,0.5471019291976307,0.4427801939624226,0.37097783083261154,0.3191678636421528,0.2802553283636558,0.2500386677542574,0.22591990455361566,0.20622605115408213,0.18983899622106298,0.1759861592547198,0.16411775499485384,0.15383230474646578,0.1448299291739556,0.13688216063770972,0.1298118839887739,0.12347966838542243,0.11777424062469076,0.11260570860684502
organic,21,0.089586969168121,0.9758610054515557,0.7781422354719254,0.6484530787110314,0.5582903044132854,0.49245200392578803,0.44239814800828914,0.40307836583125345,0.3713576374283808,0.34520235276780653,0.32324117205900155,0.3045177505069763,0.2883456179553961,0.2742196443126205,0.2617600815151886,0.2506760571661187,0.24074108119236337,0.2317762018030339,0.2236381672850814,0.21621094443360953,0.2093995369423276
line,21,0.04530531845042679,0.9685077010165981,0.7157608418964067,0.5571907446034586,0.45200648223280065,0.3786056934549931,0.32506413724689387,0.28451291907420256,0.2528232432960665,0.22740909238714166,0.20658685169182306,0.1892207716476814,0.17451975412941506,0.1619168391748713,0.1509953547717426,0.14144223698246064,0.13301765915285124,0.12553473860537145,0.11884564239709702,0.11283186092248029,0.10739726064345982
hex,21,0.05251141552511415,0.9686034761470329,0.716527979277253,0.5582537681854395,0.4531878539315902,0.3798244318073347,0.3262844552420345,0.28571887149167496,0.2540066356571375,0.22856403585545618,0.20770757629134295,0.19030097902024196,0.17555264665646242,0.16289539978774456,0.1519126752978923,0.14229180662428645,0.13379358176756592,0.1262318750700866,0.11945968662638637,0.11335936249027978,0.10783560741058598
grid,21,0.02360655737704918,0.9664644703273042,0.6999893290489445,0.5359873797157904,0.4291196999725199,0.3557235417679151,0.3029259865884241,0.2634144158481008,0.23285020935471618,0.20854832855932467,0.18877988100654605,0.17239047230937443,0.1585837439074294,0.14679418847211542,0.13660984243018112,0.12772377202201043,0.11990271689936165,0.11296626952336698,0.10677270820802003,0.10120914221104127,0.0961845182673589
organic,22,0.08451536643026004,0.9745088383665053,0.7658207941002341,0.6296090000526403,0.5356890564740138,0.4677134420850263,0.4164414315020003,0.3764176730268803,0.34428106668621483,0.3178747423326744,0.2957612650716125,0.2769491826347737,0.2607333358020315,0.24659840085602017,0.23415871626868529,0.22311958878663513,0.2132517011380036,0.20437374127725322,0.19634032996180087,0.1890334483637077,0.18235623125879397
line,22,0.04387688277668631,0.9685375941985254,0.7155847883874896,0.5564342132212159,0.450687068566251,0.3768669283522608,0.3230725749630669,0.28241961144807437,0.25075140772304616,0.22545261918169215,0.20481315644343132,0.1876751136634368,0.17322971855952052,0.1608964152978705,0.15024840165418182,0.14096530413752514,0.13280221234284154,0.12556887384121493,0.11911537823920604,0.11332209356516217,0.10809245528656153
hex,22,0.05584512285927029,0.9676502912628115,0.7087829158076243,0.5473785087214598,0.4410341538228124,0.3673537736831164,0.31400460102151784,0.27389727585265317,0.24277867799620156,0.21799023858704922,0.19780516969705517,0.18106201393696927,0.16695473439245737,0.1549082357277218,0.14450205939406113,0.13542213218305846,0.12742936557818363,0.12033867833980179,0.11400464547976788,0.10831146765832769,0.10316582345683578
grid,22,0.03259452411994785,0.9667862436880782,0.7030113580051375,0.5408014676645004,0.435116365571431,0.3624780073574373,0.31013743664166005,0.2708697596602793,0.24039996062519065,0.21608935209899258,0.19624264476872774,0.17972956276153715,0.16577084826008046,0.1538129555097456,0.1434521621462831,0.13438711270090292,0.12638823971499508,0.11927750787278076,0.11291465288496678,0.10718761553005061,0.10200575218700343
organic,23,0.09400123685837972,0.9749883247247465,0.7708544219531857,0.63808904615918,0.5466103236413512,0.480326612560709,0.4302200477788018,0.3909962112740343,0.3594036111271328,0.3333591687124892,0.31147563513024923,0.2927963830580093,0.27664098642084367,0.26251208252542807,0.2500373054544644,0.23893195608543638,0.22897431696573584,0.21998890301774712,0.21183482729516073,0.20439754564658869,0.19758288437728405
line,23,0.03534031413612566,0.968490395245532,0.715500405395177,0.5566856167011566,0.4513410713706496,0.377887259442488,0.3243911621142734,0.283962939774064,0.2524508458239747,0.22724841206439142,0.20665556366250562,0.18952413784370692,0.1750541456542586,0.16267257411580116,0.15195887886104378,0.14259774401296843,0.1343482622999445,0.12702329486196648,0.1204753156611396,0.11458649182484043,0.10926159570723844
hex,23,0.06289308176100629,0.9682909733392294,0.7138902288640727,0.554549452786426,0.44919366453828413,0.37600502049940676,0.3229018658172608,0.2829050060939249,0.25181158210598126,0.22698814174192505,0.2067224841509966,0.18986318559426726,0.1756120437353498,0.1634004872083723,0.15281359957123547,0.14354200378026655,0.1353505436419672,0.12805738078290502,0.12151972095964973,0.1156238626265078,0.11027812648103816
grid,23,0.036577400391900716,0.965961370770184,0.6971439101357988,0.5335000044507394,0.4277983789321701,0.35567021712524416,0.30400051576681986,0.2654142937750524,0.23557735107280986,0.21183087308982418,0.19247637525173686,0.1763875716826864,0.16279196071941457,0.15114348114007709,0.14104569181312926,0.13220391425956146,0.12439451241167725,0.11744462200563097,0.11121843412277259,0.10560769874991305,0.10052501198451705
organic,24,0.09239472030169704,0.9757402219644086,0.7770652935912071,0.6467203294963345,0.55597576927237,0.48953517650460826,0.4388342435812979,0.39883036479110545,0.36640762354881573,0.33955277454648336,0.31691185009877487,0.2975415841747987,0.28076436283907397,0.2660803087966727,0.2531120867772454,0.241569122606058,0.2312237275827139,0.2218947489547513,0.21343611149870267,0.20572861829310948,0.19867397289179087
line,24,0.02349869451697128,0.9679521552636129,0.711455650296782,0.5514873695470217,0.4460436964962062,0.3729259982252905,0.31991504167144774,0.27999383785866855,0.24895781105922082,0.2241815522211152,0.20396099416238664,0.187150217053808,0.1729537851593454,0.16080383178396665,0.1502848360880819,0.1410861123042476,0.1329709116616109,0.12575578363703255,0.11929645213959669,0.11347793703727574,0.10820750831726168
hex,24,0.06942392909896603,0.9684998326808029,0.7163234837915564,0.5587331849588001,0.4544744574408661,0.38184466768031433,0.328926141023076,0.2888787412998213,0.2576002182572867,0.23252421357391367,0.2119807759473973,0.19484367135375782,0.18032870567353648,0.1678742433347417,0.15706798225790894,0.14760062803407914,0.13923571329064402,0.13178940206348966,0.12511664429720462,0.11910147420803634,0.11365007731226556
grid,24,0.043052837573385516,0.9656657503020415,0.6953777026840496,0.5318497658083826,0.426813348661601,0.3554844072453419,0.3045916845047248,0.2667093731128187,0.23749361167243022,0.2142906631200253,0.19541132503051117,0.17973884224985834,0.16650919321569532,0.1551834737146075,0.14537116665965427,0.13678247596228055,0.12919780233612443,0.12244764274478363,0.1163990122096715,0.11094605660305036,0.10600342504240055
organic,25,0.09980928162746344,0.975471776886859,0.775266426808854,0.6447523221566968,0.5543886891957849,0.48850984481742976,0.4383949647170013,0.3989425557900122,0.3670200446576134,0.34061417089350593,0.31837635776792117,0.2993695721692055,0.28292168122929423,0.2685371826360699,0.25584211470059637,0.24454850506341075,0.23443071958602016,0.22530929130814603,0.21703958983581637,0.20950370727235706,0.20260453366420003
line,25,0.02916396629941672,0.9685923854428592,0.7166108363013494,0.5587067849022505,0.4541592310192858,0.3813748654498125,0.3284209007026832,0.2884179125991752,0.25722933023185257,0.2322648540673265,0.211839544015949,0.1948184854633431,0.18041285717824948,0.16805885859051742,0.15734345288790114,0.1479574035607932,0.13966471238795722,0.13228220179851968,0.1256655437826664,0.11969948987154194,0.11429090316878726
hex,25,0.06425406203840472,0.9678590572424424,0.7106389508805092,0.5501601518322013,0.4443299838868429,0.37094302588689393,0.31776785553740555,0.27776530347905126,0.24670656422262124,0.2219453358954872,0.2017618465803047,0.18499946726295005,0.17085605626623543,0.1587599278434962,0.1482936704135822,0.139145909497562,0.13107990033212516,0.12391255225041639,0.11750009369180449,0.11172806908604112,0.10650422533653833
grid,25,0.04068241469816273,0.96580102818955,0.6952528946312919,0.5301804747348103,0.42349764584626015,0.3507799887009759,0.298821506820641,0.26016584330942916,0.23041505298775083,0.20686239264619982,0.18777378801612188,0.17199664222294142,0.15873908517143193,0.1474409010785334,0.13769542469880847,0.1292007196933466,0.1217281264446217,0.11510143240521228,0.10918272779977074,0.10386258209875796,0.0990530819227606
organic,26,0.07983917288914417,0.9753483248941811,0.7740732647297687,0.6428221059253373,0.5519427698744831,0.48568229483687875,0.43526220167067176,0.39554633355412766,0.36338262190189047,0.3367475019907355,0.3142873688327966,0.2950630670064317,0.2784018761615494,0.2638084697228305,0.2509093985497497,0.23941730783220472,0.22910716309687412,0.21980001741896318,0.21135165363823308,0.20364446276293113,0.19658152296055192
line,26,0.03679369250985545,0.968209851597166,0.7132150095999057,0.5534958091219169,0.4478012299445275,0.3742689955582741,0.3208248009353272,0.2805098669638257,0.24913922028133792,0.22409034538387282,0.20365524477746574,0.18668165583218024,0.172367314281277,0.16013784243316914,0.1495718249388697,0.14035337426989467,0.13224121412935388,0.1250479852193994,0.11862605474966749,0.11285757125667245,0.10764735654984094
hex,26,0.05731080088170463,0.9683274345261994,0.7137707529745749,0.5539183517696082,0.44807362051800703,0.374506483109622,0.3211347158339413,0.28095810672151095,0.2497525915706459,0.22486782108745496,0.20457892550259135,0.18772502895555732,0.1735007681401867,0.16133204209308885,0.1507995992633433,0.14159063376984904,0.133467269858883,0.12624551680875676,0.11978088717798363,0.11395835973605617,0.10868523938759164
grid,26,0.04798962386511025,0.966669862661183,0.7028397750703581,0.5412497004556056,0.43611827488277505,0.36388071235312297,0.3118419653099004,0.27283260744302584,0.24260973490019005,0.21854762399086156,0.19895290766407758,0.18269222042978972,0.16898170945336471,0.15726345848594178,0.1471302902515144,0.13827846272999642,0.13047699797833964,0.12354724527314352,0.11734892663314604,0.1117703980263161,0.10672171842139021
organic,27,0.07415730337078652,0.9759009863920473,0.7783811221185761,0.6486318134967125,0.5582294377962577,0.49200972572039586,0.44146908432999665,0.40159415614619154,0.36928334902723986,0.34253024076353056,0.31998382417516896,0.3007018463643919,0.28400680465766237,0.2693986001668458,0.2564996390035116,0.24501918917258964,0.2347295534321605,0.22544972044889738,0.21703388410859784,0.20936321346293038,0.20233984341962327
line,27,0.042105263157894736,0.968045827007913,0.712055149629139,0.552009737991345,0.446208114031273,0.37263102748663146,0.3191545686823566,0.27880713582095146,0.2474021693136819,0.2223182247205298,0.20184852504048664,0.18484166418918604,0.1704959090364641,0.15823721499570634,0.14764439776460017,0.138401750649652,0.13026814898925984,0.12305636042314975,0.11661885215194677,0.1108378421617821,0.10561818869017114
hex,27,0.07738998482549317,0.9681988427547806,0.7134295350097828,0.5541308104532431,0.448815297781535,0.3755742682920418,0.3223355341972106,0.28215144921953583,0.25084808553726134,0.2258126942255469,0.20534603978297258,0.1883038627182691,0.17389119919574128,0.16154023205197796,0.15083532176060774,0.1414655582808629,0.133193868787712,0.12583637790595092,0.11924829018873817,0.11331402590988768,0.10794019425129336
grid,27,0.038910505836575876,0.9663368637343477,0.6998392196691251,0.5367969622085443,0.4309379409777535,0.35833309152013093,0.3060805921135137,0.26691140465500673,0.23654257929584108,0.21233723724523185,0.19260286804399127,0.1762106603164653,0.16238138164423396,0.15056051028273873,0.1403428095054426,0.13142521661110332,0.12357648355761122,0.11661704302912437,0.11040530323467787,0.10482809699453086,0.09979388406194985
organic,28,0.07923655292076345,0.9753052811754727,0.7741046994874231,0.6432507001187988,0.5527557614940259,0.4868157033485105,0.4366655667782433,0.397187701047127,0.36524188557859116,0.33881040312813326,0.3165420039725954,0.2974982926417994,0.28100678184274985,0.2665723470805359,0.2538218872241056,0.2424685651654103,0.2322879964376386,0.2231019633086953,0.21476700783998742,0.2071662718275856,0.20020354882876187
line,28,0.037574159525379035,0.9686720951528225,0.716826641752997,0.5584193279703553,0.45321203254163217,0.3797989066606515,0.32630668273288155,0.2858634290720473,0.25432152604271013,0.2290751432338275,0.20842469002337155,0.1912231039279505,0.1766720466383609,0.16420044980090157,0.15338977401906034,0.14392660857677497,0.13557176058306383,0.12813957476716634,0.12148377092017577,0.11548753655772973,0.11005646116659394
hex,28,0.06600153491941672,0.9679548665966952,0.7107105293188177,0.5494095593088076,0.4426719151850578,0.3685111582892951,0.31474201240718525,0.2743154089726721,0.24297764748342454,0.2180561332481792,0.19780740186101523,0.181054552871805,0.16697845705823475,0.1549933520019819,0.1446702648320488,0.13568841020046,0.12780345680734112,0.12082626313097267,0.11460828874708687,0.10903137027279357,0.10400041747217122
grid,28,0.0305591677503251,0.9660882614641476,0.6979948270378453,0.5344366499304407,0.42856557053960076,0.3561915493680723,0.30427890810166186,0.26548302192257095,0.23547663230196075,0.21159759897103309,0.19214048721949917,0.1759716087639595,0.1623119510613708,0.15061025257969526,0.14046616858185393,0.13158222612400816,0.12373287174330122,0.1167439828007054,0.11047896876126821,0.10482913216124971,0.0997068490079963
organic,29,0.0800662617338487,0.9758717602823672,0.7779169240113765,0.6477576334116156,0.5570795728489621,0.4906964633273358,0.44005995303112977,0.40012073977217827,0.36775493351537725,0.34094463561748,0.31833430066409923,0.2989810081550777,0.28220844669950806,0.26751839007550576,0.2545351769625275,0.24296978195579452,0.2325958894086596,0.22323354071702406,0.21473769206319274,0.20699003660984538,0.1998930471271725
line,29,0.04495114006514658,0.9692675763251001,0.7211867883619606,0.564013174244235,0.4590239585955176,0.38545186587150476,0.33168893643034936,0.29096857323598424,0.2591802495852229,0.23372687417390844,0.21290662984517583,0.19556674275405023,0.18090276110901568,0.16833823802461073,0.15745028742573555,0.1479221406730151,0.13951207641852112,0.1320325613920495,0.12533592701815832,0.11930433093588516,0.1138425899857931
hex,29,0.0842654735272185,0.9680976799138599,0.7122347169538321,0.5521709848291879,0.4465296493321235,0.3733105908815702,0.32032686212237144,0.2805378735341378,0.24970347532877013,0.22516635658834666,0.20519836382450282,0.18863714612450114,0.17467701278932032,0.16274438214058928,0.1524211589628209,0.14339614653521662,0.13543336665611397,0.12835087578405144,0.12200627380377156,0.11628658621998719,0.1111010687097282
grid,29,0.0380327868852459,0.9657222216743232,0.6955810975278816,0.5316734482509027,0.4260106333373018,0.3539684879275627,0.30236256926966704,0.26381168100369273,0.23399264384586616,0.21025896911850592,0.1909212928264307,0.17485877907372607,0.16130144450495007,0.14970372857392777,0.13966844036323825,0.130899461080237,0.12317140172153945,0.11630957273309694,0.11017641118702592,0.10466206322257338,0.09967770828590514
organic,30,0.09398496240601503,0.9750792206919041,0.7710640402701372,0.6374786892484294,0.54476646381788,0.4771200088062775,0.4256722351621078,0.3852032221737776,0.352492570400789,0.32546434569296745,0.30272600295297936,0.2833098505404999,0.2665223679451709,0.25185305430035887,0.23891732890393239,0.22741959494442535,0.21712864014157976,0.20786081931988865,0.19946828477511472,0.19183057505163875,0.1848484899548088
line,30,0.034505208333333336,0.968856736187647,0.717703876819136,0.5589595891911728,0.45320548737446126,0.37928947173684113,0.32539582611740564,0.28464902495759625,0.252883345860226,0.2274748396478968,0.20670924822161976,0.18942836893958714,0.17482553032454295,0.16232340614171578,0.15149870798397166,0.14203438060389464,0.13368840760154435,0.12627293062453404,0.11963994179404831,0.11367126902786052,0.10827142917755701
hex,30,0.06381435823060189,0.9684826795677373,0.7151620302535842,0.5559540081526956,0.45035505924667063,0.3767938356807727,0.32329748296182936,0.28293491329015025,0.25152332028024393,0.22643570933140317,0.20595953390313956,0.1889396349407307,0.17457251243649052,0.16228375674078102,0.1516526512740539,0.1423643759867929,0.1341788494968114,0.1269098892468373,0.12041094189906902,0.11456510174297684,0.10927799197246114
grid,30,0.031921824104234525,0.9654314239979084,0.6922466508811238,0.5260564634513732,0.4190477112172517,0.3463810617559217,0.29462796969761496,0.2562191616028887,0.22670338446509178,0.20335184798400027,0.184424209052375,0.16876912895322269,0.15559921735489018,0.1443597713608892,0.13464960623958488,0.12617175747143763,0.11870185613309432,0.11206727859856944,0.10613305258408001,0.1007921124754345,0.09595842278282149
organic,31,0.10707332900713822,0.9759620142653281,0.7789995425214886,0.6496954216201803,0.5596781970426428,0.49381164996513405,0.4436014064057164,0.40403496923747,0.37200956281131586,0.3455181292077097,0.3232101613219448,0.3041448287436669,0.2876465693512317,0.2732173913211759,0.26048173915999046,0.24915072272040698,0.23899823966953065,0.22984462435561853,0.22154519054335964,0.21398203559657783,0.2070580672925579
line,31,0.03708609271523179,0.9687617576093394,0.7179334882695644,0.5604198810625765,0.4558538420866815,0.3828470103837775,0.32958342151160347,0.2892482029168331,0.25773859411047934,0.23248034676170698,0.2117945949606786,0.19454712742549915,0.17994713177229052,0.16742763818173403,0.15657209175703185,0.14706781860086587,0.13867566601354736,0.13120966163837353,0.12452305292062434,0.11849851509340606,0.11304114735325015
hex,31,0.0638930163447251,0.9680386199321962,0.7115472927333625,0.5509816268200125,0.4450177877656414,0.3716259984055575,0.3185743705612461,0.27878453569451483,0.24799001039010024,0.22351683322151675,0.20362693082361163,0.18715223973527784,0.1732837999928052,0.16144609749684535,0.15121979954782885,0.1422928196080704,0.1344284632222697,0.127444165137242,0.12119696745508406,0.11557339340563214,0.11048225188284509
grid,31,0.028852459016393443,0.9662170785915669,0.698295515871609,0.5340181965792198,0.42734828825107246,0.3543289636227157,0.3019622241136956,0.2628821179542226,0.2327276435772749,0.20880497601127043,0.18938252304608863,0.17330596200806075,0.15978027517716206,0.14824186189684646,0.1382808890683309,0.12959260413219942,0.12194588810155392,0.11516238682095936,0.10910231891721157,0.10365460897695417,0.09872989001883395
organic,32,0.07492957746478873,0.9757942851374635,0.7774074778774964,0.6472658143571828,0.5568101204517035,0.4907243901294675,0.4404010900765565,0.4007675305425474,0.36869239198346915,0.3421565552736129,0.3198051976927862,0.30069643277698715,0.2841548012230631,0.26968268552214353,0.25690485686835113,0.2455326270736332,0.23533998270211434,0.2261472683268819,0.21780976151492884,0.2102095002579518,0.20324932416083677
line,32,0.03361898483849703,0.9686430811234318,0.7161764083310369,0.557075634628288,0.451341933650098,0.3775715797780408,0.3238463343104913,0.2832537312286164,0.25161863205751783,0.22631825918501375,0.20564283223018778,0.1884389850603667,0.17390419129138843,0.16146432484566342,0.15069840779235066,0.14129095948218934,0.13300096857170665,0.1256411595591362,0.11906380511138313,0.11315080458638897,0.10780660751807376
hex,32,0.06299782766111513,0.9677712787463724,0.7100211136619914,0.5494646079587575,0.44373822884577774,0.37049281410870566,0.3174366364441222,0.2775136128126842,0.24649692127742165,0.22174853938923209,0.20155762444546357,0.18477503626387792,0.17060421965103673,0.15847735750591824,0.14797956284957378,0.1388010141085486,0.13070585365438406,0.12351144113323406,0.11707418027182326,0.11127962546965432,0.10603544015578688
grid,32,0.02734375,0.9661282676240956,0.697182187213519,0.5321936512529147,0.4252563512864919,0.3522907989847257,0.30015550687762277,0.261378876774615,0.23153525955052334,0.2078966069713127,0.18871652524941177,0.17283711838607038,0.15946568139640585,0.14804359617940352,0.1381668679149191,0.12953648638261264,0.12192653151106266,0.11516313828349985,0.10911028649206839,0.10365998738026432,0.09872536880164573
organic,33,0.09130913091309131,0.975738197743063,0.7772166367582052,0.6473268870133088,0.5572060439414057,0.49143365764085856,0.44137153416676195,0.4019426512933347,0.3700200877649485,0.3435915017460696,0.32130902531727173,0.30223719561685136,0.2857062576271,0.271223566128433,0.25841817700015896,0.24700506116855275,0.23676130515513813,0.22750986012438046,0.2191081796372063,0.21144010542183891,0.20440996164341926
line,33,0.03790849673202614,0.9683795982591071,0.7153677279761198,0.557481756786652,0.45321426173753315,0.3807071629337691,0.32795705466228914,0.28808111791068375,0.25695865748156743,0.2320174759621256,0.2115877592222886,0.19454584894685167,0.18011080240998836,0.16772411046934704,0.15697616557429112,0.14755986614600564,0.13924046918297225,0.13183546434366727,0.12520080380161977,0.11922126890232264,0.11380359443345522
hex,33,0.049107142857142856,0.9676262466508769,0.7093214876445201,0.5489406139181815,0.4434871738661998,0.37045428131142366,0.317538573300656,0.2777064875761769,0.2467538970775593,0.22205812222499235,0.20191675065887235,0.18518429362985508,0.17106501673723074,0.1589904667219116,0.148544519229261,0.13941599951919964,0.13136782857073329,0.12421638175673412,0.11781734141563811,0.11205578825480535,0.10683912625223951
grid,33,0.0377113133940182,0.9666367040397,0.7015563144927263,0.538419767676521,0.432123032515048,0.359139670784418,0.30666672579049065,0.2674249199277092,0.23709082631472875,0.2129863257466223,0.193385991126984,0.17713762101272046,0.1634466819669218,0.15174944910536797,0.14163577961905877,0.13280058834020167,0.1250124547532283,0.11809276531142111,0.11190151723810458,0.10632744356267002,0.10128100764889682
organic,34,0.08964646464646464,0.9752903055173637,0.7724412662261303,0.6390074258242213,0.5460624758945566,0.4780408439321527,0.42617264220357864,0.385279725450183,0.35216102481938666,0.3247500213286492,0.30165868321181655,0.2819211224341522,0.26484399720122503,0.24991597370724333,0.23675101236936294,0.22505169026981592,0.2145847801029053,0.205164555819575,0.19664110656137096,0.18889198037085628,0.18181609341739874
line,34,0.03900470746469401,0.9675278134569233,0.7079107428696111,0.5461861438259312,0.4396101969307193,0.3656942651224132,0.3120928484231223,0.2717255767242195,0.24035112955260332,0.21532027430559106,0.19491232684202678,0.1779692255286503,0.1636863629081996,0.1514887476643217,0.14095517954428913,0.13177033454997442,0.12369359227827846,0.11653820931063678,0.11015706594403259,0.10443269751208367,0.09927018460557532
hex,34,0.06378299120234604,0.9682093197351628,0.7130993607497897,0.5532057071026542,0.4473755888634823,0.3737616412347146,0.3202719825178104,0.2799251772547884,0.24851900580207711,0.2234210888777894,0.2029196449800463,0.18586267100492615,0.17145042522440485,0.1591120439274326,0.14842981746664835,0.1390913087112525,0.13085822414950368,0.12354565059062418,0.11700787580583995,0.1111284944444278,0.10581336694181503
grid,34,0.03836150845253576,0.9666991851893884,0.7016662469024374,0.5381549480747457,0.43148363240221177,0.3582297666070342,0.3055941068465472,0.2662761010841205,0.2359296366462717,0.2118583426895161,0.1923233025976235,0.1761625755270197,0.162574574274438,0.15099039190922972,0.1409960149182155,0.132283426916618,0.12461896929309546,0.11782231677775366,0.11175216425682068,0.10629626621482581,0.10136436607895326
organic,35,0.10570687418936446,0.9756062134520681,0.775305050120019,0.643506867766563,0.5517523785879233,0.4847237023635994,0.4337653095756986,0.39374306746162197,0.36146675982077436,0.3348672221788362,0.31254981429270323,0.29354224803945994,0.27714650295224424,0.26284857585293153,0.25026155072373923,0.23908854456040537,0.2290979021161167,0.2201061688455614,0.2119661392977924,0.20455829947145243,0.19778458916696437
line,35,0.03876438522107813,0.9699224138414988,0.7268302226757041,0.5723639360855101,0.46881010999375783,0.3959467487435638,0.3424704518094059,0.3017899936740671,0.2698983851294828,0.24426075300432595,0.22321302011145647,0.20562531182870916,0.19070693338699188,0.17788951459740265,0.1667547119262651,0.15698811360090678,0.14834902269739378,0.14065013840072338,0.13374357343690754,0.1275110282648528,0.12185675444368828
hex,35,0.06836964688204357,0.968117626717775,0.7124019910689914,0.5521900998099818,0.44612144980280916,0.3723066507746954,0.31865466652863256,0.27818919418061183,0.24670850024708638,0.22157617774718208,0.20107392388464612,0.18404248181906493,0.16967522045948583,0.1573952899209028,0.1467800731388093,0.1375132773127875,0.12935368241229592,0.12211422284481149,0.1156476541865753,0.1098365218465776,0.10458600476437513
grid,35,0.03185955786736021,0.9663820538718945,0.7002332652447412,0.5374667284684204,0.43189513255168305,0.3596004488818853,0.3076705994944014,0.26882268538595283,0.23876190792711985,0.2148428976723817,0.1953678637908641,0.17920531673720252,0.16557527456083446,0.15392380014094598,0.14384710143558607,0.13504406534058097,0.12728564467984804,0.12039455080571344,0.1142314351438738,0.10868526855875124,0.1036665044247153
organic,36,0.0752571737953438,0.9758917602073717,0.7784053388403193,0.6487827547967611,0.5585290169684114,0.49246247866054216,0.44207114313781914,0.40233533635494967,0.3701493015290854,0.34350481224327517,0.3210510293281581,0.30184719034103086,0.2852179846666551,0.27066573559768237,0.25781519370748496,0.24637772006695116,0.23612738071306605,0.22688458061128386,0.21850460148565554,0.21086940861743758,0.20388168564625994
line,36,0.042706964520367936,0.968734990522593,0.7179370097530132,0.5605181575832194,0.4558816016832213,0.3826513899876794,0.3290718638402201,0.28838132369008146,0.2565130392599747,0.2309141017319175,0.20991680644160923,0.1923916932793391,0.17754890436490325,0.16482030151239913,0.1537870652602336,0.14413377222301474,0.1356183890410561,0.12805212868512392,0.12128559312587951,0.11519902892457931,0.10969533872181425
hex,36,0.06419180201082754,0.9689352648409746,0.7191355329339939,0.5619025613905069,0.45737798262289503,0.3843628709673825,0.3311011585097466,0.29078927436801943,0.2593202434318425,0.2341126304091259,0.2134814920246838,0.1962884804932988,0.1817403354131693,0.16926883575377183,0.15845693036723152,0.14899188165082264,0.1406346950740421,0.13319965149896468,0.12654027620423733,0.12053951163036118,0.11510269888752835
grid,36,0.03408360128617363,0.9665697439063571,0.701349559684251,0.5385074025648418,0.4325316745122938,0.35977364917919297,0.30741668205743355,0.26820215094088656,0.23783288677862816,0.21365314966121832,0.19395408802878616,0.17759492309365343,0.1637886429601887,0.1519763045896756,0.14175070111693128,0.13280846999805343,0.12491912827298823,0.11790449771360759,0.11162469294776456,0.10596836589306438,0.10084577751531397
organic,37,0.06399554813578186,0.975757009468946,0.7768015934313826,0.6459675248870806,0.5548195040407684,0.4880722713612805,0.43712131753714506,0.39689124066607745,0.36424837988496145,0.33717255403536506,0.31430872392429143,0.29471508812117886,0.27771621480981656,0.2628142852896886,0.24963359553674122,0.23788473083461276,0.2273407517072704,0.21782093562539007,0.20917940588747191,0.20129700386619892,0.19407536499511538
line,37,0.036,0.9684986485841571,0.7156880270186915,0.5570833431621963,0.45192112840042675,0.3786266899782551,0.3252785957649384,0.2849924011643715,0.2536158702331659,0.22853906750832043,0.20805784654526177,0.19102069638632463,0.17662551688802558,0.16429845156684375,0.15361918093917093,0.1442734084364877,0.13602177346491556,0.12867898632590669,0.1220994994771795,0.11616746348045459,0.11078955543918305
hex,37,0.0683371298405467,0.9682601019095965,0.7127204401961493,0.5517607989074058,0.4449357558561991,0.37058323496197815,0.3166209444349213,0.2760256755856884,0.24454501292984218,0.219501479012388,0.19914646521899843,0.1822991608170391,0.1681378234369983,0.1560750659890303,0.1456809484530578,0.13663411679500406,0.12868989085381907,0.1216588863117726,0.11539235854492963,0.10977194192146883,0.10470232873759389
grid,37,0.04503916449086162,0.9659572769645633,0.6968901788262691,0.532886054928532,0.42690016434432065,0.3546183190088694,0.3029246847617876,0.2644227139881369,0.2347516351517161,0.2112277847855467,0.19213197180214872,0.17632176515150352,0.16301264784073813,0.1516499559688699,0.14183131851058195,0.13325814629576282,0.12570437742539076,0.11899578958309633,0.11299596790415727,0.10759657484406496,0.10271046729517183
organic,38,0.0775812892184826,0.9758254315373236,0.7773908381983436,0.6468699709503959,0.5559997236346078,0.48957759995483535,0.4390170575127676,0.3992292559575945,0.3670573444548729,0.34045891042353305,0.31806163722534997,0.29891201863684785,0.28232771393998574,0.26780762759431237,0.2549753034990777,0.243542202649766,0.23328322341580834,0.22401997812025012,0.2156091129129826,0.20793398508770025,0.20089862387393992
line,38,0.04267161410018553,0.96947893586071,0.7238677515784153,0.5690827138917824,0.4660640537434823,0.3939957402248541,0.34132582353482976,0.30137029538073373,0.27009724541744834,0.24497452974055184,0.2243504849197669,0.20710965125777017,0.19247474107906443,0.1798888360519773,0.1689430007400541,0.15933041621539065,0.15081647392674064,0.14321875574982557,0.13639330647541945,0.13022501401316558,0.12462073448346851
hex,38,0.07017543859649122,0.9669364035565705,0.7038342696292752,0.5412560529517981,0.43479213697129265,0.36131748362036165,0.30824733611403654,0.2684137083023706,0.23754486876432582,0.21298244808813968,0.19300439270820471,0.1764540228714257,0.16252901948664214,0.15065690978698626,0.14041899251532378,0.1315023296826442,0.1236685396051199,0.11673296008462031,0.11055039585915878,0.10500515606593191,0.10000395331862057
grid,38,0.04084321475625823,0.9662934036606232,0.6994052652273983,0.5360772101977291,0.4300747296288415,0.3574811294977848,0.30537255485466497,0.26644310900655327,0.2363727880787958,0.21249411034984658,0.19309199820267148,0.1770223424633772,0.1634963530596121,0.15195414414185804,0.14198801890553783,0.13329437851908887,0.12564265705799813,0.11885469735771692,0.1127907144261387,0.10733952588670076,0.10241161376484939
organic,39,0.0850546780072904,0.9756505352601185,0.776058194252843,0.6451537095228294,0.5542103881022893,0.48778939263703436,0.4372103085309306,0.3973612140760433,0.36509096521181694,0.33837101734860137,0.3158424551965294,0.2965619367451388,0.2798537887837027,0.2652207102677341,0.25228796207135457,0.24076734489248408,0.23043325469300432,0.22110633704217042,0.21264205887454674,0.20492254532301096,0.19785063573916098
line,39,0.05315822388993121,0.9701561996758024,0.7297833344876133,0.5777487892202612,0.47597184084482774,0.40427609220408195,0.3515057918665528,0.311213170847484,0.27950250112596614,0.25391722602076405,0.23284547284313498,0.21519090577244523,0.20018373488179309,0.1872682263316131,0.17603338887182118,0.16616885285607688,0.15743593158026312,0.1496481179584254,0.14265761568460006,0.1363458330446742,0.1306165421111912
hex,39,0.07531055900621118,0.968286031925485,0.7138530329324078,0.5544252341790038,0.44889784663479587,0.37547975076296836,0.3221258862986994,0.2818863301638088,0.2505766216420233,0.22557239230618478,0.20516399305694483,0.18819854700927088,0.1738742658171354,0.16161809730887067,0.15101049848045325,0.14173773172523516,0.13356074226575318,0.12629432172075913,0.11979282876951622,0.11394019561874706,0.10864280030987152
grid,39,0.03514376996805112,0.9670058067211706,0.7042053397968961,0.5416957368136321,0.43533089763551736,0.3619996997354337,0.30908267899279007,0.2693824234369236,0.23861149908961576,0.21410649429659234,0.19414662821639958,0.17757959260625952,0.16360858224908745,0.15166672220056507,0.1413404826126686,0.1323214666636492,0.12437515974819241,0.11732012592977147,0.11101382120082914,0.10534270638652363,0.1002152201854013
organic,40,0.07776497695852534,0.9753412055210707,0.7737405647394963,0.6420205211477175,0.5507362933772288,0.4841860369732654,0.43358395759785817,0.3937692976322168,0.3615643718623661,0.3349244543419325,0.31248024151605724,0.2932817076422459,0.27664902298016875,0.2620824860818013,0.2492061719561663,0.23773152140465784,0.22743311741485955,0.21813214030507624,0.20968479850639804,0.20197406673215773,0.19490367399955363
line,40,0.03990326481257558,0.969891509488691,0.7265990040645377,0.572067915870663,0.4685001032565971,0.39563336033787216,0.34214973809718485,0.30145551672700727,0.26954572502712626,0.24388848015064174,0.22282228706353308,0.20521907941835474,0.19028923997960204,0.1774649122145015,0.16632787522397194,0.15656358882375945,0.14793107804372227,0.14024268319765493,0.1333501219237788,0.12713469124427906,0.12150024772234584
hex,40,0.06701807228915663,0.9681719147197476,0.7126021193374958,0.5523572418421069,0.44635110305509135,0.3726960116130875,0.3192530915280238,0.27900641483735633,0.2477309782940787,0.22277959726860805,0.2024307562706463,0.185525984849729,0.17126127206276417,0.1590630272071381,0.1485119212491901,0.13929469491379476,0.13117279751642744,0.12396144699126646,0.11751531686708955,0.1117185428596281,0.10647760982240442
grid,40,0.04365079365079365,0.965623566723074,0.6942000532533834,0.5291287278884647,0.42267753966799093,0.350198125601023,0.2984213127751034,0.259884771843169,0.2302020758715716,0.20668106680559298,0.18760062537492778,0.1718183610961046,0.15854995797306812,0.14724053837117537,0.13748703159738002,0.1289897677814791,0.12152136560306055,0.1149061718419891,0.1090063264283644,0.10371209950401088,0.09893505090090662
organic,41,0.12438423645320197,0.9755908741532325,0.7757025030364652,0.6448512730062441,0.5541484887412338,0.4880851653480346,0.43793652057029475,0.39855808232351025,0.36677508400841685,0.3405427854406713,0.3184918852641802,0.2996728725528569,0.2834067802648551,0.2691948734349106,0.25666212527172827,0.2455207189954633,0.23554579837835354,0.22655893361439156,0.21841658065992461,0.21100185381410091,0.2042185471839777
line,41,0.041857423152387184,0.9681348086832282,0.7133538101828792,0.5544800911964772,0.44955969422490566,0.3765812768873064,0.32348334917490085,0.2833535583694123,0.25205023937767546,0.22698389874129105,0.2064703324225332,0.1893743418771225,0.17490611800515696,0.16250060147183154,0.15174351069764427,0.1423245130939861,0.13400670027117426,0.12660615738568975,0.1199779593853847,0.11400636529912025,0.10859781912452411
hex,41,0.059087509349289455,0.9676360586419075,0.7094672555021833,0.5493800874725271,0.4443417792613518,0.3717552869775881,0.31924947207232846,0.2797558102651134,0.24905999042591515,0.22454380850689526,0.2045163010408279,0.1878455804913014,0.17374903259190128,0.16166962558268233,0.15120056450800862,0.1420379522641516,0.13395017455241856,0.12675756410925001,0.12031855747805327,0.11452005818105465,0.10927059015466252
grid,41,0.035483870967741936,0.9667195064562404,0.7027955150568808,0.5409246104169535,0.4357342083717159,0.3636367279863287,0.31184267411966676,0.2731073783125312,0.24314320064397743,0.21930266364330495,0.1998847458788818,0.18375609556292144,0.170136571358468,0.15847342101597522,0.14836490026985938,0.1395123953650298,0.1316895114519418,0.12472156906351999,0.11847166800038747,0.11283100411225218,0.10771200625472195
organic,42,0.08954326923076923,0.975963938783522,0.7785071164480905,0.6483819155931239,0.5575601168880256,0.490973198023064,0.4401233424378382,0.3999831562854362,0.3674375372497693,0.3404709862881272,0.317727178598554,0.2982609005465231,0.28139294546300664,0.26662209461130104,0.25356986700539336,0.2419447210054136,0.2315181762748497,0.22210846205831053,0.2135690507835822,0.2057804444261707,0.19864417757572234
line,42,0.04110468850353243,0.9684142586554947,0.7155876507650458,0.557653661832496,0.4532173242400145,0.3804997503438017,0.32754426407575665,0.28749052649200274,0.2562250426562351,0.2311745129628107,0.21066429236022297,0.1935648089648063,0.17908947224491337,0.16667495954562336,0.15590782814861429,0.14647805834768202,0.13814876357007277,0.13073590534607252,0.12409437725131445,0.11810824981788241,0.11268379874581542
hex,42,0.08537549407114625,0.9680767886864124,0.7116424399120442,0.5507860936236926,0.4444142103852446,0.37060250947705536,0.3171638927809654,0.2770360975451989,0.24595580015588547,0.22124677001074802,0.2011666845160695,0.1845427481369598,0.17056138482675376,0.1586427878844432,0.1483637051920063,0.13940849730715743,0.13153726077313982,0.12456454067144629,0.11834478579795973,0.11276220111461605,0.10772353194975942
grid,42,0.041749502982107355,0.9656483317199809,0.6948030283013126,0.5303982295546927,0.42445703394212225,0.35231791289212516,0.30075057948352807,0.26233221187179584,0.23270574312237982,0.20919878737363867,0.19010312587646114,0.17428479572343827,0.16096510414378656,0.14959305276993207,0.13976835387159037,0.1311934140618918,0.12364245693074366,0.11694110600012905,0.11095253934676882,0.10556788439189904,0.10069941602207565
organic,43,0.10904733373277412,0.9753746411821328,0.7735538843049525,0.6414093434191289,0.5499448348967537,0.4834981233921377,0.4332142390411699,0.3938535292699146,0.36217620673398293,0.33609476960145973,0.3142125402835416,0.29556293579733794,0.2794567097061322,0.26538928683587965,0.25298268202721935,0.24194797474070454,0.2320603808786313,0.22314226863763828,0.21505131859751037,0.20767209724149802,0.20090994657249694
line,43,0.04251144538914323,0.9689194580901187,0.7183221071363894,0.5598425518112357,0.45411616278673766,0.38010163204823916,0.32606688288094116,0.28518431714591397,0.25331015916258665,0.2278270147939116,0.20701930414304118,0.18972414404141472,0.17512925566138263,0.1626519484174473,0.1518642849535798,0.1424453937541393,0.1341502289916948,0.12678858167484894,0.12021065115358609,0.11429691836829022,0.10895090346903444
hex,43,0.06783536585365854,0.9678100521822017,0.7098251583763971,0.548602155559149,0.44226493362161706,0.368591910211269,0.3152887469986084,0.2752596386212308,0.24423545168198246,0.2195438147523779,0.19944896424758363,0.1827847934726244,0.16874369629758257,0.1567509208881124,0.14638738997067707,0.13734086326449074,0.1293741755073038,0.12230405487948338,0.11598667055257599,0.11030756420776289,0.10517450148106468
grid,43,0.050491803278688525,0.965758545645858,0.695900395758386,0.5320520632007905,0.426294326122807,0.35409670646243846,0.30233635054704344,0.2636610840911888,0.23375565252986674,0.20997067549117063,0.19060970264398722,0.1745441804463697,0.16099737666952676,0.14941846189470062,0.13940643830008856,0.13066261134296106,0.12295996522774658,0.116122871549963,0.11001330246605862,0.10452124955211395,0.0995579289529384
organic,44,0.10336538461538461,0.9758887933161697,0.7771671261437023,0.6456105858394655,0.5536106359135313,0.48617461819201674,0.4347702846060245,0.39431042501701224,0.3616231993708737,0.33464700545004267,0.3119903392071058,0.29268189241103354,0.27602332244564975,0.26149940155975737,0.24872134582811772,0.23738996802543946,0.22727104559181815,0.21817843445075985,0.20996222640086667,0.20250027121266137,0.1956919937389437
line,44,0.035667107001321,0.9685567810327493,0.7162691911032854,0.5580219044101724,0.4530657408610149,0.3798596593723165,0.3265199499069131,0.2861956970065401,0.25476093190402,0.2296244984819054,0.209094567534411,0.1920268811760899,0.17762287803317012,0.16530966300446548,0.15466618779556818,0.14537639441785674,0.13719859634947268,0.12994493465909057,0.12346726126934926,0.1176472282691131,0.11238919458988289
hex,44,0.06598240469208211,0.96867026457949,0.7177732946666434,0.5608383593687765,0.45689668764510244,0.3844106796371668,0.3315552738434008,0.29153984260405635,0.26028675320118894,0.23524047234038878,0.21473462608476668,0.19764302840287987,0.18318002918773546,0.17078207945066473,0.16003500660934145,0.15062789613692837,0.14232296929936908,0.13493537582784465,0.12831930849015605,0.12235825433944111,0.1169580171813249
grid,44,0.05170157068062827,0.9662954199855122,0.6998040770285474,0.5372992620709581,0.4322305081829973,0.36049520163494086,0.30908930695801273,0.27068918725231084,0.24098767426971188,0.21734196998033709,0.1980638766740393,0.18203400016681465,0.1684845315387862,0.15687261304241862,0.14680398359512253,0.13798544288763478,0.13019435674041596,0.12325854456280834,0.11704267257134823,0.1114388323854289,0.10635987868366216
organic,45,0.0883054892601432,0.9761504973293789,0.780690405463504,0.6523593854268769,0.5630149342025164,0.4976169090179404,0.4477236313932817,0.40835855209154065,0.3764459526586762,0.3499996509471262,0.3276852479026498,0.3085743067911447,0.29200080763715197,0.2774741401329057,0.2646245008021658,0.2531675175939214,0.24288066170948608,0.2335871071138373,0.22514442765299922,0.21743651621250287,0.2103676990876477
line,45,0.03587161736941473,0.9696542610790861,0.7251228026443968,0.5704862143868263,0.46714277917193686,0.39454572053359555,0.34129028211784485,0.3007673878059403,0.26897945519898075,0.24340678476739297,0.22239890518567096,0.20483616648436279,0.18993486582637056,0.17713108847539685,0.16600913358320668,0.1562560111884585,0.14763166283912127,0.13994894838616154,0.13305986854698257,0.12684587231973535,0.12121090393630855
hex,45,0.06568778979907264,0.9677996113855102,0.7091042791284164,0.5468865990950259,0.43972153416143767,0.36545720222935973,0.31176485912117924,0.27149793286664264,0.24034391938685276,0.21559810211267558,0.19550165452157636,0.1788721802295133,0.1648904896896505,0.15297348321993298,0.14269598085370963,0.13374122897681215,0.1258687021539961,0.11889262596960928,0.11266731863353929,0.10707697428087855,0.10202840420138723
grid,45,0.03766233766233766,0.9666142367186279,0.7019671610381246,0.5398698416704921,0.4347265347622416,0.36279954773436707,0.31120993747800957,0.2726667067988487,0.24286302243379768,0.2191474819202655,0.19982264821843854,0.18376166671521688,0.17019133532464015,0.1585651148992489,0.14848631699472695,0.139660177875146,0.13186307379344167,0.12492220643875569,0.11870186062762329,0.11309389414819773,0.10801101833452052
organic,46,0.10275689223057644,0.9748608397451717,0.7697319396882342,0.6363089336257322,0.5442988621203563,0.4775358118537546,0.4269831882954258,0.3873461872577496,0.35537639768163526,0.32899246539128235,0.306806685798664,0.2878602761626736,0.27146966755192214,0.2571339559788188,0.24447723212544908,0.23321148211028522,0.22311201539285894,0.21400075341693492,0.2057345894954443,0.19819710458572656,0.1912925559591234
line,46,0.03955901426718547,0.9685216164665263,0.7164028179804521,0.558768696382609,0.45445093542317677,0.38175034130532315,0.3287467827180329,0.28860339641397337,0.2572245827713618,0.23205086510101425,0.21141775284309688,0.194202604813694,0.17962312432645014,0.16711826955034853,0.15627543445846195,0.14678446157668204,0.1384077138340548,0.13096005358289184,0.12429511053122362,0.11829564906149337,0.11286667361779874
hex,46,0.061664190193164936,0.9686960079812909,0.717545003766258,0.5599997050335571,0.45547256519091306,0.38251139075672075,0.32927848711893987,0.28894990103148394,0.25741944910187703,0.23211311146091568,0.21135472150285772,0.1940142108939322,0.1793055055412357,0.16666635683276487,0.15568453114357675,0.14605107750831928,0.1375298994191356,0.12993742763193236,0.12312871908781987,0.11698774533376458,0.11142047444295214
grid,46,0.037859007832898174,0.9660393268572662,0.6977039388259016,0.5341847346772104,0.42845659474332626,0.35625505329704427,0.3045184994124714,0.2658959367769929,0.23606005221671653,0.2123497390373015,0.1930600522745662,0.17705702846083354,0.16356083621728093,0.1520191344472273,0.14203046034387762,0.13329632571564723,0.12559033875595402,0.11873774254908274,0.11260151431414989,0.10707270813504201,0.10206360959678165
organic,47,0.09667093469910372,0.9756139758535965,0.7759232114420079,0.6451154581380522,0.5543026462304567,0.48802420386665923,0.43760471363764364,0.3979367359873259,0.3658692689114175,0.3393708517073396,0.31707822994383955,0.2980433946816192,0.2815862747665667,0.26720571588316977,0.25452376338155863,0.24324963629857416,0.23315573093617137,0.2240612026483416,0.21582045939812813,0.20831492289835749,0.20144701562878028
line,47,0.05334987593052109,0.9699517458140597,0.7273164682729375,0.5733519378589533,0.470232951435432,0.3977295343418442,0.3445519590994862,0.30412290629275285,0.2724458736067975,0.24699360969526066,0.22610778524152425,0.20866306293238504,0.1938724259639469,0.1811704978847953,0.1701413440421236,0.16047245199890606,0.1519245857556672,0.14431153802124005,0.13748621656926016,0.13133088214775795,0.12575016799541627
hex,47,0.07086044830079537,0.9680827130964217,0.7120012468693968,0.5516773180269755,0.44577303612372426,0.37229305064434925,0.31904921326321,0.2790020926230417,0.2479154601081207,0.22313706490997864,0.20294348609708626,0.1861759675842877,0.17203102620121585,0.15993599154194443,0.14947263066171854,0.1403288461254779,0.13226725907776485,0.12510424022007993,0.11869558050587814,0.11292648755212892,0.1077044655498985
grid,47,0.04057591623036649,0.9663287429684819,0.6999869655834782,0.5373841013343028,0.43210891613015856,0.3601446294917264,0.30853041007543397,0.269959749503705,0.24012868633185264,0.21639106983637352,0.19705282927578227,0.1809882250601143,0.1674235721078501,0.15581096535868766,0.14575199573023606,0.13695015276372405,0.12918021792555026,0.12226802954864466,0.11607676137250798,0.11049740137044926,0.10544200608075913
organic,48,0.09981285090455397,0.975657968729951,0.7764948565611512,0.6462801789778828,0.5560686048859987,0.49036741467709005,0.4404842560030946,0.4013031570121377,0.369669360546334,0.3435506029669931,0.32158478679996205,0.30282638599287276,0.2865986727546919,0.27240433505098155,0.2598694807866298,0.24870740555927018,0.23869445206746787,0.22965349843299748,0.22144239754806785,0.21394571288568598,0.20706870039164418
line,48,0.03629293583927414,0.9688810534127056,0.7191861469482196,0.5625886236663699,0.4587589740446404,0.38635047735703965,0.3335764746733921,0.2936410874516641,0.26245452523794366,0.2374524766508851,0.21696455016499624,0.19986421521645012,0.18536775814398834,0.17291474844449636,0.162094580029606,0.1525999101984607,0.14419629501375744,0.1367018667498844,0.12997340937410548,0.12389661373617063,0.11837912646495018
hex,48,0.07874617737003058,0.968712956529453,0.7175583120800779,0.5599692395655055,0.455487687266064,0.38266395260313796,0.3296399120386266,0.2895716779861096,0.25833687793021587,0.23334845671941987,0.21291961457096545,0.19591162105566695,0.18153147467531425,0.16921155869158855,0.15853565504099723,0.14919202329925446,0.1409427779815078,0.13360337276822296,0.12702852626737307,0.12110235833235006,0.11573134309429157
grid,48,0.03778501628664495,0.9661630689522432,0.6977136832507882,0.532945749432329,0.42585800740040414,0.35252566191539203,0.2999548493791135,0.2607661807682353,0.23057887440682603,0.20667947904790918,0.18731967012371561,0.17133194499785057,0.15791138681644773,0.14648719497130297,0.13664442815708863,0.12807479163245475,0.12054477170039168,0.11387444797907036,0.10792306413324687,0.10257898715532307,0.0977525834891674
organic,49,0.09474292316580012,0.9759867318763971,0.7789869507811729,0.6493751372894256,0.5589395187857479,0.492598486048244,0.4418871923392046,0.4018149999888543,0.36929581158514674,0.34233428092502277,0.3195871520925187,0.30011726764736796,0.2832501312970237,0.26848707204737327,0.25545078739666355,0.2438500622937303,0.233456224048966,0.22408700373190782,0.21559520594345116,0.20786058207283084,0.20078388861295396
line,49,0.04553846153846154,0.9707154382043459,0.7335246957049175,0.582022580695966,0.4798144532673222,0.4074040391799135,0.35389378508617686,0.312921583550178,0.28061029969730905,0.25449853913447573,0.23296344443449793,0.21489780845396253,0.1995229030644448,0.1862761499931619,0.17474144711771042,0.16460460351437745,0.15562401917710433,0.14761089402595673,0.14041555666057043,0.1339178218574501,0.12802006085937823
hex,49,0.06142322097378277,0.9688840666038073,0.7189009047194832,0.5617753122134295,0.45738238205453674,0.38443564821474163,0.3311693329360938,0.29079690782111856,0.25923285277829555,0.23391356647093808,0.21316659134714933,0.19586135016391923,0.18120887686503515,0.16864293402632496,0.15774703763608597,0.1482082183193807,0.1397868474782731,0.13229640880938404,0.1255896021180554,0.11954858533649768,0.11407798627180957
grid,49,0.0355297157622739,0.9662289958371643,0.6993154870605358,0.5365939477454186,0.4313539770410054,0.3594676281072713,0.30793651493989027,0.26944324720198537,0.2396816543268403,0.21600572833993575,0.1967219570685548,0.1807051260765238,0.16718201404133423,0.15560516354821058,0.14557662605331706,0.13680036886200775,0.12905165823675036,0.12215680946308868,0.11597945165653523,0.11041099644852956,0.10536388619911115
